Product Name,SIZE,COLOUR,Brand,Category,Details ,SELLING PRICE INCLUDING GST ( Y / N ),Discount ,title
ST 312 - Gold,"36 - 1
37 - 2
38 - 2
39 - 2
40 - 2
41 - 1",Gold,TAGS,Partywear / Slides,"Upper Material - Synthetic 
Heel Type - Block
Heel Height - 2.5  
Colour - Gold
Sole - Metro",3395,,women stylish fancy comfortable Golden block heels 
ST 312 - Peach,"36 - 1
37 - 2
38 -1
39 - 2
40 - 2
41 - 0",Peach,TAGS,Partywear / Slides,"Upper Material - Synthetic 
Heel Type - Block
Heel Height - 2.5  
Colour - Peach
Sole - Metro",3395,,women stylish fancy comfortable peach block heels 
ST 350 - Pink,"36 - 1
37 - 1
38 - 0
39 - 2
40 - 1
41 - 0",Pink,TAGS,,"Upper Material - Synthetic 
Heel Type - Block
Heel Height - 3  
Colour - Pink
Sole - Metro",2785,,Women Pink Strap Block heel
ST 350 - Black,"36 - 1
37 - 2
38 - 1
39 - 2
40 - 2
41 - 1",Black,TAGS,ST,"Upper Material - Synthetic 
Heel Type - Block
Heel Height - 3  
Colour - Black
Sole - Metro",2785,,Women Black Strap Block heel
ST 350 - White,"36 - 1
37 - 2
38 - 1
39 - 1
40 - 2
41 - 1",White,TAGS,ST,"Upper Material - Synthetic 
Heel Type - Block
Heel Height - 3  
Colour - White
Sole - Metro",2785,,Women White Strap Block heel
353 - Black,"36 - 1
37 - 2
38 - 2
39 - 2
40 - 1
41 - 1",Black,TAGS,ST,"Upper Material - Synthetic 
Heel Type - Block
Heel Height -2  
Colour - Black
Sole - Metro",2625,,Women black ankle strap Block Heels (353)
353 - White,"36 - 0
37 - 2
38 - 2
39 - 2
40 - 2
41 - 1",White,TAGS,ST,"Upper Material - Synthetic 
Heel Type - Block
Heel Height -2  
Colour - White
Sole - Merto",2625,,Women white ankle strap Block Heels (353)
353 - Chique,"36 - 1
37 - 2
38 - 2
39 - 2
40 - 1
41 - 1",Chique,TAGS,ST,"Upper Material - Synthetic 
Heel Type - Block
Heel Height -2  
Colour - Chique
Sole - Metro",2625,,Women Chique ankle strap Block Heels (353)
K-23-811 - N Blue,"36 - 0
37 - 2
38 - 2
39 - 2
40 - 2
41 - 1",N Blue,TAGS,TV,"Upper Material - Leather 
Heel Type - Flat
Heel Height - NA 
Colour - N Blue
Sole - TPR",3235,,Women Blue Round-Toe Ballerinas with Braided Hem 
K-23-811 - Rust,"36 - 0
37 - 2
38 - 2
39 - 2
40 - 2
41 - 1",Rust,TAGS,TV,"Upper Material - Leather 
Heel Type - Flat
Heel Height - NA 
Colour - Rust
Sole - TPR",3235,,Women Rust Round-Toe Ballerinas with Braided Hem 
K-23-811 - O Green,"36 - 1
37 - 2
38 - 1
39 - 2
40 - 2
41 - 1",O Green,TAGS,TV,"Upper Material - Leather 
Heel Type - Flat
Heel Height - NA 
Colour - O Green
Sole - TPR",3235,,Women Green Round-Toe Ballerinas with Braided Hem 
K-23-290 - Brownx,"36 - 1
37 - 1
38 - 2
39 - 0
40 - 2
41 - 1",Brownx,TAGS,TV,"Upper Material - Leather 
Heel Type - Flat
Heel Height - NA 
Colour - Brownx
Sole - TPR",3235,,Brown Double Shaded flat Sandals
K-23-290 - Rust,"36 - 1
37 - 2
38 - 2
39 - 1
40 - 1
41 - 0",Rust,TAGS,TV,"Upper Material - Leather 
Heel Type - Flat
Heel Height - NA 
Colour - Rust
Sole - TPR",3235,,Rust Double Shaded flat Sandals
K-23-290 - Black,"36 - 1
37 - 1
38 - 2
39 - 0
40 - 2
41 - 0",Black,TAGS,TV,"Upper Material - Leather 
Heel Type - Flat
Heel Height - NA 
Colour - Black
Sole - TPR",3235,,Black Double Shaded flat Sandals
K-19-150 - Chico,"36 - 1
37 - 1
38 - 2
39 - 2
40 - 2
41 - 1",Chico,TAGS,TV,"Upper Material - Leather 
Heel Type - Flat
Heel Height - NA 
Colour - Chico
Sole - TPR",3235,,Women Chico Textured Leather Open Toe Flats With Backstrap
K-19-150 - Rust,"36 - 1
37 - 2
38 - 2
39 - 0
40 - 1
41 - 1",Rust,TAGS,TV,"Upper Material - Leather 
Heel Type - Flat
Heel Height - NA 
Colour - Rust
Sole - TPR",3235,,Women Rust Textured Leather Open Toe Flats With Backstrap
K-19-150 - Brownz ,"36 - 1
37 - 2
38 - 1
39 - 2
40 - 2
41 - 1",Brownz,TAGS,TV,"Upper Material - Leather 
Heel Type - Flat
Heel Height - NA 
Colour - Brownz
Sole - TPR",3235,,Women Brownz Textured Leather Open Toe Flats With Backstrap
K-23-587 - Brownx,"36 - 1
37 - 2
38 - 2
39 - 2
40 - 2
41 - 1",Brownx,TAGS,TV,"Upper Material - Leather 
Heel Type - Flat
Heel Height - NA 
Colour - Brownx
Sole - TPR",3345,,Women Brown Slip-on Ballerinas with Genuine Leather Upper
K-23-587 - Rust ,"36 - 1
37 - 2
38 - 1
39 - 2
40 - 2
41 - 1",Rust,TAGS,TV,"Upper Material - Leather 
Heel Type - Flat
Heel Height - NA 
Colour - Rust
Sole - TPR",3345,,Women Rust Slip-on Ballerinas with Genuine Leather Upper
K-23-587 - Maroon ,"36 - 1
37 - 2
38 - 2
39 - 2
40 - 2
41 - 1",Maroon,TAGS,TV,"Upper Material - Leather 
Heel Type - Flat
Heel Height -  NA
Colour - Maroon
Sole - TPR",3345,,Women Maroon Slip-on Ballerinas with Genuine Leather Upper
K-23-802 - Brown,"36 - 0
37 - 1
38 - 1
39 - 2
40 - 1
41 - 1",Brown ,TAGS,TV,"Upper Material - Leather 
Heel Type - Wedges
Heel Height - 1.5 
Colour - Brown 
Sole - TPR",3435,,
K-23-802 - Green,"36 - 1
37 - 2
38 - 2
39 - 2
40 - 2
41 - 1",Green,TAGS,TV,"Upper Material - Leather 
Heel Type - Wedges
Heel Height - 1.5 
Colour - Green
Sole - TPR",3435,,"Women Green, Bellies Sandal"
K-23-802 - Beige,"36 - 1
37 - 2
38 - 2
39 - 2
40 - 2
41 - 1",Beige,TAGS,TV,"Upper Material - Leather 
Heel Type - Wedges
Heel Height - 1.5 
Colour - Beige
Sole - TPR",3435,,"Women Beige , Brown Bellies Sandal"
K-22-629 - Beige ,"36 - 0
37 - 2
38 - 1
39 - 2
40 - 2
41 - 1",Beige,TAGS,TV,"Upper Material - Leather 
Heel Type - Flat
Heel Height - NA 
Colour - Beige
Sole - TPR",3265,,"
Women Beige Casual Ballerinas"
K-22-629 - Rust ,"36 - 1
37 - 2
38 - 1
39 - 2
40 - 1
41 - 1",Rust,TAGS,TV,"Upper Material - Leather 
Heel Type - Flat
Heel Height - NA 
Colour - Rust
Sole - TPR",3265,,Women Rust Casual Ballerinas
K-22-629 - Chico,"36 - 1
37 - 2
38 - 2
39 - 2
40 - 2
41 - 0",Chico,TAGS,TV,"Upper Material - Leather 
Heel Type - Flat
Heel Height - NA 
Colour - Chico
Sole - TPR",3265,,Women Chico Casual Ballerinas
K-22-480 - Marron,"36 - 1
37 - 2
38 - 2
39 - 2
40 - 2
41 - 1",Brownx,TAGS,TV,"Upper Material - Leather 
Heel Type - Block
Heel Height - 3 
Colour - Brownx
Sole - TPR",3435,,
K-22-480  - Black ,"36 - 1
37 - 2
38 - 1
39 - 2
40 - 2
41 - 0",Black,TAGS,TV,"Upper Material - Leather 
Heel Type - Block
Heel Height - 3 
Colour - Black
Sole - TPR",3435,,
K-22-480 - Rust ,"36 - 1
37 - 2
38 - 2
39 - 2
40 - 2
41 - 1",Rust,TAGS,TV,"Upper Material - Leather 
Heel Type - Block
Heel Height - 3 
Colour - Rust
Sole - TPR",3435,,
K-23-857 - Orange ,"36 - 1
37 - 2
38 - 2
39 - 2
40 - 2
41 - 1",Orange,TAGS,TV,"Upper Material - Leather 
Heel Type - Wedges
Heel Height - 2 
Colour - Orange
Sole - TPR",3325,,
K-23-857 -M. Green ,"36 - 1
37 - 2
38 - 2
39 - 2
40 - 2
41 - 1",M. Green,TAGS,TV,"Upper Material - Leather 
Heel Type - Wedges
Heel Height - 2 
Colour - M. Green
Sole - TPR",3325,,
K-23-857 - M.Yellow,"36 - 1
37 - 2
38 - 2
39 - 1
40 - 2
41 - 1",M. Yellow,TAGS,TV,"Upper Material - Leather 
Heel Type - Wedges
Heel Height - 2 
Colour - M. Yellow
Sole - TPR",3325,,
K-23-535 - Rust,"36 - 0
37 - 0
38 - 1
39 - 2
40 - 2
41 - 1",Rust,TAGS,TV,"Upper Material - Leather 
Heel Type - Bolck
Heel Height - 2.5 
Colour - Rust
Sole - TPR",3465,,"Women Rust , Leather Block Heels Sandal "
K-23-535 - Maroon,"36 - 1
37 - 1
38 - 1
39 - 2
40 - 2
41 - 1",Maroon,TAGS,TV,"Upper Material - Leather 
Heel Type - Block
Heel Height - 2.5 
Colour - Maroon
Sole - TPR",3465,,"Women Maroon , Leather Block Heels Sandal "
K-23-535 - N Blue,"36 - 0
37 - 2
38 - 2
39 - 2
40 - 2
41 - 1",N Blue,TAGS,TV,"Upper Material - Leather 
Heel Type - Block
Heel Height - 2.5 
Colour - N Blue
Sole - TPR",3465,,"Women Blue , Leather Block Heels Sandal "
K-18-263 - G M T,"36 - 1
37 - 1
38 - 2
39 - 1
40 - 0
41 - 1",G M T,TAGS,TV,"Upper Material - Leather 
Heel Type - Flat
Heel Height - NA 
Colour - G M T
Sole - TPR",3015,,Toe-Ring Flip-Flops Leather flat slippers
K-18-263 -  White,"36 - 1
37 - 2
38 - 2
39 - 2
40 - 2
41 - 1",White,TAGS,TV,"Upper Material - Leather 
Heel Type - Flat
Heel Height - NA 
Colour - White
Sole - TPR",3015,,Women White Toe-Ring Flip-Flops Leather flat slippers
K-18-263 - Beige,"36 - 1
37 - 2
38 - 2
39 - 2
40 - 2
41 - 1",Beige,TAGS,TV,"Upper Material - Leather 
Heel Type - Flat
Heel Height - NA 
Colour - Beige
Sole - TPR",3015,,Women Beige Toe-Ring Flip-Flops Leather flat slippers
K-23-115 - White,"36 - 1
37 - 2
38 - 2
39 - 2
40 - 2
41 - 1",White,TAGS,TV,"Upper Material - Leather 
Heel Type - Flat
Heel Height - NA 
Colour - White
Sole - TPR",2785,,Women White Round Toe Thong SlidesLeather Flat 
K-23-115 - Rust,"36 - 1
37 - 2
38 - 2
39 - 2
40 - 2
41 - 1",Rust,TAGS,TV,"Upper Material - Leather 
Heel Type - Flat
Heel Height - NA 
Colour - Rust
Sole - TPR",2785,,Women Rust Round Toe Thong SlidesLeather Flat 
K-23-115  - N Bule ,"36 - 1
37 - 2
38 - 2
39 - 2
40 - 2
41 - 1",N Blue,TAGS,TV,"Upper Material - Leather 
Heel Type - Flat
Heel Height - NA 
Colour - N Blue
Sole - TPR",2785,,Women Blue Round Toe Thong SlidesLeather Flat 
K-19 -41 - Black ,"36 - 1
37 - 2
38 - 2
39 - 2
40 - 2
41 - 1",Black,TAGS,TV,"Upper Material - Leather 
Heel Type - Wedges
Heel Height - 2 
Colour - Black
Sole - TPR",3325,,
K-19 -41 - Beige ,"36 - 1
37 - 2
38 - 2
39 - 2
40 - 2
41 - 1",Beige,TAGS,TV,"Upper Material - Leather 
Heel Type - Wedges
Heel Height - 2 
Colour - Beige
Sole - TPR",3325,,
K-19 -41 - Rust ,"36 - 1
37 - 2
38 - 2
39 - 1
40 - 1
41 - 1",Rust,TAGS,TV,"Upper Material - Leather 
Heel Type - Wedges
Heel Height - 2 
Colour - Rust
Sole - TPR",3325,,
K-23-705 - N.Blue ,"36 - 1
37 - 2
38 - 2
39 - 2
40 - 2
41 - 1",N.Blue,TAGS,TV,"Upper Material - Leather 
Heel Type - Flat
Heel Height - NA 
Colour - N.Blue
Sole - TPR",3435,,Women's Blue Low Top Flat Leather 
K-23-705 - Chique,"36 - 1
37 - 2
38 - 2
39 - 0
40 - 2
41 - 1",Chique,TAGS,TV,"Upper Material - Leather 
Heel Type - Flat
Heel Height - NA 
Colour - Chique
Sole - TPR",3435,,Women's chique  Low Top Flat Leather 
K-23-705 - Brown,"36 - 1
37 - 2
38 - 2
39 - 2
40 - 2
41 - 1",Brown,TAGS,TV,"Upper Material - Leather 
Heel Type - Flat
Heel Height - NA 
Colour - Brown
Sole - TPR",3435,,Women's Brown Low Top Flat Leather 
K-23-282 - Brownx,"36 - 0
37 - 2
38 - 2
39 - 2
40 - 3
41 - 1",Brownx,TAGS,TV,"Upper Material - Leather 
Heel Type - Block
Heel Height - 1.5 
Colour - Brownx
Sole - TPR",3325,,Women's Brown Strappy  Leather Wedge
K-23-282 - N Blue,"36 - 1
37 - 2
38 - 2
39 - 2
40 - 1
41 - 1",N Blue,TAGS,TV,"Upper Material - Leather 
Heel Type - Block
Heel Height - 1.5 
Colour - N Blue
Sole - TPR",3325,,Women's Blue Strappy  Leather Wedge
K-23-282 - Rust,"36 - 0
37 - 2
38 - 1
39 - 2
40 - 3
41 - 1",Rust,TAGS,TV,"Upper Material - Leather 
Heel Type - Block
Heel Height - 1.5 
Colour - Rust
Sole - TPR",3325,,Women's Rust Strappy  Leather Wedge
K-23-799 - N Blue,"36 - 1
37 - 2
38 - 2
39 - 1
40 - 2
41 - 1",N Blue,TAGS,TV,"Upper Material - Leather 
Heel Type - Wedges
Heel Height - 1.5 
Colour - N Blue
Sole - TPR",3575,,Women Blue Wedges Formal 
K-23-799 - Rust,"36 - 1
37 - 2
38 - 2
39 - 1
40 - 2
41 - 1",Rust,TAGS,TV,"Upper Material - Leather 
Heel Type - Wedges
Heel Height - 1.5 
Colour - Rust
Sole - TPR",3575,,Women Rust Wedges Formal 
K-23-799 -  O Green,"36 - 1
37 - 2
38 - 2
39 - 2
40 - 2
41 - 1",O Green,TAGS,TV,"Upper Material - Leather 
Heel Type - Wedges
Heel Height - 1.5 
Colour - O Green
Sole - TPR",3575,,Women Green Wedges Formal 
K-23-558 - N Blue,"36 - 1
37 - 1
38 - 2
39 - 2
40 - 2
41 - 1",N Blue,TAGS,TV,"Upper Material - Leather 
Heel Type - Wedges
Heel Height - 1.5 
Colour - N Blue
Sole - TPR",3515,,Women Blue Wedges Sandal
K-23-558 - Beige,"36 - 1
37 - 2
38 - 2
39 - 2
40 - 2
41 - 1",Beige,TAGS,TV,"Upper Material - Leather 
Heel Type - Wedges
Heel Height - 1.5 
Colour - Beige
Sole - TPR",3515,,Women Beige Wedges Sandal
K-23-558 - Rust,"36 - 1
37 - 2
38 - 2
39 - 2
40 - 2
41 - 1",Rust,TAGS,TV,"Upper Material - Leather 
Heel Type - Wedges
Heel Height - 1.5 
Colour - Rust
Sole - TPR",3515,,Women Rust Wedges Sandal
K-23-543 - Rust,"36 - 1
37 - 1
38 - 1
39 - 2
40 - 1
41 - 1",Rust,TAGS,TV,"Upper Material - Leather 
Heel Type - Block
Heel Height - 2 
Colour - Rust 
Sole - TPR",3465,,Women Rust Bellies Sandal
K-23-543 - Chique,"36 - 1
37 - 2
38 - 2
39 - 2
40 - 2
41 - 1",Chique,TAGS,TV,"Upper Material - Leather 
Heel Type - Block
Heel Height - 2 
Colour - Chique
Sole - TPR",3465,,Women Chique Bellies Sandal
K-23-543 - Maroon,"36 - 1
37 - 2
38 - 1
39 - 2
40 - 2
41 - 1",Maroon,TAGS,TV,"Upper Material - Leather 
Heel Type - Block
Heel Height - 2 
Colour - Maroon
Sole - TPR",3465,,Women Maroon Bellies Sandal
K-23-245 - Maroon,"36 - 1
37 - 2
38 - 2
39 - 1
40 - 2
41 - 1",Maroon,TAGS,TV,"Upper Material - Leather 
Heel Type - Flat
Heel Height - NA 
Colour - Maroon
Sole - TPR",2875,,Women Maroon Patterned Leather Flats 
K-23-245 - Beige,"36 - 1
37 - 2
38 - 2
39 - 1
40 - 1
41 - 1",Beige,TAGS,TV,"Upper Material - Leather 
Heel Type - Flat
Heel Height - NA 
Colour - Beige
Sole - TPR",2875,,Women Beige Patterned Leather Flats 
K-23-245 - Yellow,"36 - 1
37 - 2
38 - 2
39 - 2
40 - 2
41 - 1",Yellow,TAGS,TV,"Upper Material - Leather 
Heel Type - Flat
Heel Height - NA 
Colour - Yellow
Sole - TPR",2875,,Women Yellow Patterned Leather Flats 
K-23-832-N.Blue,"36 - 1
37 - 2
38 - 2
39 - 2
40 - 2
41 - 1",N.Blue,TAGS,TV,"Upper Material - Leather 
Heel Type -Flat
Heel Height -  NA
Colour - N.Blue
Sole - TPR",3435,,
K-23-832-Browon,"36 - 1
37 - 2
38 - 2
39 - 2
40 - 2
41 - 1",Browon,TAGS,TV,"Upper Material - Leather 
Heel Type - Flat
Heel Height -  NA
Colour - Browon
Sole - TPR",3435,,
K-23-832-Chikoo,"36 - 1
37 - 2
38 - 2
39 - 2
40 - 2
41 - 1",Chikoo,TAGS,TV,"Upper Material - Leather 
Heel Type - Flat
Heel Height -  NA
Colour - Chikoo
Sole - TPR",3435,,
K-18-173-Maroon,"36 - 1
37 - 2
38 - 2
39 - 2
40 - 2
41 - 1",Maroon,TAGS,TV,"Upper Material - Leather 
Heel Type - Wedges
Heel Height - 2
Colour - Maroon
Sole - TPR",3405,,
K-18-173-Black,"36 - 1
37 - 2
38 - 2
39 - 2
40 - 2
41 - 1",Black,TAGS,TV,"Upper Material - Leather 
Heel Type - Wedges
Heel Height - 2
Colour - Black
Sole - TPR",3405,,
K-18-173-Begie,"36 - 1
37 - 2
38 - 2
39 - 2
40 - 2
41 - 1",Begie,TAGS,TV,"Upper Material - Leather 
Heel Type - Wedges
Heel Height - 2
Colour - Begie
Sole - TPR",3405,,
K-21-495 - N.Blue / B/TT,"36 - 1
37 - 2
38 - 2
39 - 2
40 - 2
41 - 1",N.Blue / B/TT,TAGS,TV,"Upper Material - Leather 
Heel Type - Flat
Heel Height - NA
Colour - N.Blue / B/TT
Sole - TPR",3045,,
K-21-495 - O Green /B.TT,"36 - 1
37 - 2
38 - 2
39 - 2
40 - 2
41 - 1",O Green/ B. TT,TAGS,TV,"Upper Material - Leather 
Heel Type - Flat
Heel Height - NA
Colour - O Green/ B. TT
Sole - TPR",3045,,
K-21-495 - NT/B.TT,"36 - 1
37 - 2
38 - 2
39 - 2
40 - 2
41 - 1",NT/B.TT,TAGS,TV,"Upper Material - Leather 
Heel Type - Flat
Heel Height - NA
Colour - NT/B.TT
Sole - TPR",3045,,
K-17-425 -Beige ,"36 - 1
37 - 2
38 - 2
39 - 2
40 - 2
41 - 1",Beige,TAGS,TV,"Upper Material - Leather 
Heel Type - Flat
Heel Height - NA
Colour - Beige
Sole - TPR",3235,,
K-17-425 -Maroon ,"36 - 1
37 - 2
38 - 1
39 - 2
40 - 2
41 - 1",Maroon,TAGS,TV,"Upper Material - Leather 
Heel Type - Flat
Heel Height - NA
Colour - Maroon
Sole - TPR",3235,,
K-17-425 - Chique,"36 - 1
37 - 2
38 - 2
39 - 2
40 - 2
41 - 1",Chique,TAGS,TV,"Upper Material - Leather 
Heel Type - Flat
Heel Height - NA
Colour - Chique
Sole - TPR",3235,,
K-22-627 - Maroon ,"36 - 1
37 - 2
38 - 2
39 - 2
40 - 2
41 - 1",Maroon,TAGS,TV,"Upper Material - Leather 
Heel Type - Flat
Heel Height - NA
Colour - Maroon
Sole - TPR",3265,,
K-22-627 - Brownz ,"36 - 1
37 - 2
38 - 2
39 - 2
40 - 2
41 - 1",Brownz,TAGS,TV,"Upper Material - Leather 
Heel Type - Flat
Heel Height - NA
Colour - Brownz
Sole - TPR",3265,,
K-22-627 - Rust,"36 - 1
37 - 2
38 - 2
39 - 2
40 - 2
41 - 1",Rust,TAGS,TV,"Upper Material - Leather 
Heel Type - Flat
Heel Height - NA
Colour - Rust
Sole - TPR",3265,,
K-23-308 - N.Blue,"36 - 1
37 - 2
38 - 2
39 - 2
40 - 2
41 - 1",N.Blue,TAGS,TV,"Upper Material - Leather 
Heel Type - Flat
Heel Height - NA
Colour - N.Blue
Sole - TPR",3265,,
K-23 - 308 - Rust,"36 - 1
37 - 2
38 - 2
39 - 2
40 - 2
41 - 1",Rust,TAGS,TV,"Upper Material - Leather 
Heel Type - Flat
Heel Height - NA
Colour - Rust
Sole - TPR",3265,,
K-23 - 308 -Maroon,"36 - 1
37 - 2
38 - 2
39 - 2
40 - 2
41 - 1",Maroon,TAGS,TV,"Upper Material - Leather 
Heel Type - Flat
Heel Height - NA
Colour - Maroon
Sole - TPR",3265,,
K-22-85-Begie,"36 - 1
37 - 2
38 - 2
39 - 2
40 - 2
41 - 1",Begie,TAGS,TV,"Upper Material - Leather 
Heel Type - Flat
Heel Height - NA
Colour - Begie
Sole - TPR",3265,,
K-22-85-N.Blue,"36 - 1
37 - 2
38 - 2
39 - 2
40 - 2
41 - 1",N.Blue,TAGS,TV,"Upper Material - Leather 
Heel Type - Flat
Heel Height - NA
Colour - N.Blue
Sole - TPR",3265,,
K-22-85-Rust,"36 - 1
37 - 2
38 - 2
39 - 2
40 - 2
41 - 1",Rust,TAGS,TV,"Upper Material - Leather 
Heel Type - Flat
Heel Height - NA
Colour - Rust
Sole - TPR",3265,,
K-20-207-Begie,"36 - 1
37 - 2
38 - 2
39 - 2
40 - 2
41 - 1",Begie,TAGS,TV,"Upper Material - Leather 
Heel Type - Wedges
Heel Height - 2
Colour - Begie
Sole - TPR",3325,,
K-20-207-N.Blue,"36 - 1
37 - 2
38 - 2
39 - 2
40 - 2
41 - 1",N.Blue,TAGS,TV,"Upper Material - Leather 
Heel Type - Wedges
Heel Height - 2
Colour - N.Blue
Sole - TPR",3325,,
K-20-207-Maroon,"36 - 1
37 - 2
38 - 2
39 - 2
40 - 2
41 - 1",Maroon,TAGS,TV,"Upper Material - Leather 
Heel Type - Wedges
Heel Height - 2
Colour - Maroon
Sole - TPR",3325,,
K-23-250 - T Blue,"36 - 1
37 - 2
38 - 2
39 - 2
40 - 2
41 - 1",T Blue,TAGS,TV,"Upper Material - Leather 
Heel Type - Flat
Heel Height - NA
Colour - T Blue
Sole - TPR",3095,,
K-23-250 -  Maroon,"36 - 1
37 - 2
38 - 2
39 - 2
40 - 2
41 - 1",Maroon,TAGS,TV,"Upper Material - Leather 
Heel Type - Flat
Heel Height - NA
Colour - Maroon
Sole - TPR",3095,,
K-23-250 - Orange,"36 - 1
37 - 2
38 - 2
39 - 2
40 - 2
41 - 1",Orange,TAGS,TV,"Upper Material - Leather 
Heel Type - Flat
Heel Height - NA
Colour - Orange
Sole - TPR",3095,,
K-23-727 - M Yellow,"36 - 1
37 - 2
38 - 2
39 - 2
40 - 2
41 - 1",M Yellow,TAGS,TV,"Upper Material - Leather 
Heel Type - Wedges
Heel Height - 2
Colour - M Yellow
Sole - TPR",3435,,
K-23-727 - L Gray,"36 - 1
37 - 2
38 - 2
39 - 2
40 - 2
41 - 1",L Gray,TAGS,TV,"Upper Material - Leather 
Heel Type - Wedges
Heel Height - 2
Colour - L Gray
Sole - TPR",3435,,
K-23-727 - Chique,"36 - 1
37 - 2
38 - 2
39 - 2
40 - 2
41 - 1",Chique,TAGS,TV,"Upper Material - Leather 
Heel Type - Wedges
Heel Height - 2
Colour - Chique
Sole - TPR",3435,,
K-22-647-Rust,"36 - 1
37 - 2
38 - 2
39 - 2
40 - 2
41 - 1",Rust,TAGS,TV,"Upper Material - Leather 
Heel Type - Wedges
Heel Height - 1.5
Colour - Rust
Sole - TPR",3435,,
K-22-647-Black,"36 - 1
37 - 2
38 - 2
39 - 2
40 - 2
41 - 1",Black,TAGS,TV,"Upper Material - Leather 
Heel Type - Wedges
Heel Height - 1.5
Colour - Black
Sole - TPR",3435,,
K-22-647-Chikoo,"36 - 1
37 - 2
38 - 2
39 - 2
40 - 2
41 - 1",Chikoo,TAGS,TV,"Upper Material - Leather 
Heel Type - Wedges
Heel Height -  1.5
Colour - Chikoo
Sole - TPR",3435,,
K-23-639-Maroon,"36 - 1
37 - 2
38 - 2
39 - 2
40 - 2
41 - 1",Maroon,TAGS,TV,"Upper Material - Leather 
Heel Type - Flat
Heel Height - NA
Colour - Maroon
Sole - TPR",3235,,
K-23-639-Begie,"36 - 1
37 - 2
38 - 2
39 - 2
40 - 2
41 - 1",Begie,TAGS,TV,"Upper Material - Leather 
Heel Type - Flat
Heel Height - NA
Colour - Begie
Sole - TPR",3235,,
K-23-639-Rust,"36 - 1
37 - 2
38 - 2
39 - 2
40 - 2
41 - 1",Rust,TAGS,TV,"Upper Material - Leather 
Heel Type - Flat
Heel Height - NA
Colour - Rust
Sole - TPR",3235,,
K-23-702-Rust,"36 - 1
37 - 2
38 - 2
39 - 2
40 - 2
41 - 1",Rust,TAGS,TV,"Upper Material - Leather 
Heel Type - Flat
Heel Height - NA
Colour - Rust
Sole - TPR",3265,,
K-23-702-Maroon,"36 - 1
37 - 2
38 - 2
39 - 2
40 - 2
41 - 1",Maroon,TAGS,TV,"Upper Material - Leather 
Heel Type - Flat
Heel Height - NA
Colour - Maroon
Sole - TPR",3265,,
K-23-702-Begie,"36 - 1
37 - 2
38 - 2
39 - 2
40 - 2
41 - 1",Begie,TAGS,TV,"Upper Material - Leather 
Heel Type - Flat
Heel Height - NA
Colour - Begie
Sole - TPR",3265,,
K-12-307-Maroon,"36 - 1
37 - 2
38 - 2
39 - 2
40 - 2
41 - 1",Maroon,TAGS,TV,"Upper Material - Leather 
Heel Type - Flat
Heel Height - NA
Colour - Maroon
Sole - TPR",3095,,
K-12-307-Begie,"36 - 1
37 - 2
38 - 2
39 - 2
40 - 2
41 - 1",Begie,TAGS,TV,"Upper Material - Leather 
Heel Type - Flat
Heel Height - NA
Colour - Begie
Sole - TPR",3095,,
K-12-307-O.Green,"36 - 1
37 - 2
38 - 2
39 - 2
40 - 2
41 - 1",O.Green,TAGS,TV,"Upper Material - Leather 
Heel Type - Flat
Heel Height - NA
Colour - O.Green
Sole - TPR",3095,,
K-22-689-Browon,"36 - 1
37 - 2
38 - 2
39 - 2
40 - 2
41 - 1",Browon,TAGS,TV,"Upper Material - Leather 
Heel Type - Flat
Heel Height - NA
Colour - Browon
Sole - TPR",3435,,
K-22-689-N.Blue,"36 - 1
37 - 2
38 - 2
39 - 2
40 - 2
41 - 1",N.Blue,TAGS,TV,"Upper Material - Leather 
Heel Type - Flat
Heel Height - NA
Colour - N.Blue
Sole - TPR",3435,,
K-22-689-Chikoo,"36 - 1
37 - 2
38 - 2
39 - 2
40 - 2
41 - 1",Chikoo,TAGS,TV,"Upper Material - Leather 
Heel Type - Flat
Heel Height - NA
Colour - Chikoo
Sole - TPR",3435,,
K-23-695-N.Blue,"36 - 1
37 - 2
38 - 2
39 - 2
40 - 2
41 - 1",N.Blue,TAGS,TV,"Upper Material - Leather 
Heel Type - Flat 
Heel Height - NA
Colour - N.Blue
Sole - TPR",3265,,
K-23-695-Begie,"36 - 1
37 - 2
38 - 2
39 - 2
40 - 2
41 - 1",Begie,TAGS,TV,"Upper Material - Leather 
Heel Type - Flat
Heel Height - NA
Colour - Begie
Sole - TPR",3265,,
K-23-695-Chikoo,"36 - 1
37 - 2
38 - 2
39 - 2
40 - 2
41 - 1",Chikoo,TAGS,TV,"Upper Material - Leather 
Heel Type - Flat
Heel Height - NA
Colour - Chikoo
Sole - TPR",3265,,
K-23-751-Rust,"36 - 1
37 - 2
38 - 2
39 - 2
40 - 2
41 - 1",Ruat,TAGS,TV,"Upper Material - Leather 
Heel Type - Flat
Heel Height - NA
Colour - Ruat
Sole - TPR",3235,,
K-23-751-N.Blue,"36 - 1
37 - 2
38 - 2
39 - 2
40 - 2
41 - 1","N,Blue",TAGS,TV,"Upper Material - Leather 
Heel Type - Flat
Heel Height - NA
Colour - N,Blue
Sole - TPR",3235,,
K-23-751-Begie,"36 - 1
37 - 2
38 - 2
39 - 2
40 - 2
41 - 1",Begie,TAGS,TV,"Upper Material - Leather 
Heel Type - Flat
Heel Height - NA
Colour - Begie
Sole - TPR",3235,,
K-22-217 - N.Blue ,"36 - 1
37 - 2
38 - 2
39 - 2
40 - 2
41 - 1",N.Blue,TAGS,TV,"Upper Material - Leather 
Heel Type - Wedges 
Heel Height - 2
Colour - N.Blue
Sole - TPR",3325,,
K-22-217 - Brownz,"36 - 1
37 - 2
38 - 2
39 - 2
40 - 2
41 - 1",Brownz,TAGS,TV,"Upper Material - Leather 
Heel Type - Wedges
Heel Height - 2
Colour - Brownz
Sole - TPR",3325,,
K-22-217 - Rust-B.TT,"36 - 1
37 - 2
38 - 2
39 - 2
40 - 2
41 - 1",Rust B.TT,TAGS,TV,"Upper Material - Leather 
Heel Type - Wedges
Heel Height - 2
Colour - Rust B.TT
Sole - TPR",3325,,
K-23-815-N.Blue,"36 - 1
37 - 2
38 - 2
39 - 2
40 - 2
41 - 1",N.Blue,TAGS,TV,"Upper Material - Leather 
Heel Type - Flat
Heel Height - NA
Colour - N.Blue
Sole - TPR",3435,,
K-23-815-Browon,"36 - 1
37 - 2
38 - 2
39 - 2
40 - 2
41 - 1",Browon,TAGS,TV,"Upper Material - Leather 
Heel Type - Flat
Heel Height - NA
Colour - Browon
Sole - TPR",3435,,
K-23-815-Chikoo,"36 - 1
37 - 2
38 - 2
39 - 2
40 - 2
41 - 1",Chikoo,TAGS,TV,"Upper Material - Leather 
Heel Type - Flat
Heel Height - NA
Colour - Chikoo
Sole - TPR",3435,,
SW1 - Pista,"36 - 1
37 - 2
38 - 2
39 - 2
40 - 2
41 - 1",SW,TAGS,SW,"Upper Material - Synthetic
Heel Type - Flat
Heel Height - NA  
Colour - Pista
Sole - TPR",3345,,Women pista Embellished Flats
SW1 - Beige,"36 - 1
37 - 2
38 - 1
39 - 2
40 - 2
41 - 1",SW,TAGS,SW,"Upper Material - Synthetic
Heel Type - Flat
Heel Height - NA 
Colour - Beige
Sole - TPR",3345,,Women beige Embellished Flats
SW1 - Peach,"36 - 1
37 - 2
38 - 2
39 - 2
40 - 2
41 - 1",SW,TAGS,SW,"Upper Material - Synthetic
Heel Type - Flat
Heel Height - NA 
Colour - Peach
Sole - TPR",3345,,Women peach Embellished Flats
SW2-Gold,"36 - 1
37 - 2
38 - 2
39 - 2
40 - 2
41 - 1",SW,TAGS,SW,"Upper Material - Synthetic
Heel Type - Flat
Heel Height - NA
Colour - Gold
Sole - TPR",3345,,
SW2-Sultan,"36 - 1
37 - 2
38 - 2
39 - 2
40 - 2
41 - 1",SW,TAGS,SW,"Upper Material - Synthetic
Heel Type - Flat
Heel Height - NA
Colour - Sultan
Sole - TPR",3345,,
SW2-Silver,"36 - 1
37 - 2
38 - 2
39 - 2
40 - 2
41 - 1",SW,TAGS,SW,"Upper Material - Synthetic
Heel Type - Flat
Heel Height - NA
Colour - Silver
Sole - TPR",3345,,
SW3 - Blue,"36 - 1
37 - 1
38 - 2
39 - 0
40 - 2
41 - 0",SW,TAGS,SW,"Upper Material - Synthetic
Heel Type - Wedges
Heel Height - 1.5 
Colour - Blue
Sole - TPR",3235,,Blue Solid Wedge Sandals
SW3 - Beige,"36 - 1
37 - 2
38 - 1
39 - 2
40 - 2
41 - 1",SW,TAGS,SW,"Upper Material - Synthetic
Heel Type - Wedges
Heel Height - 1.5 
Colour - Beige
Sole - TPR",3235,,beige Solid Wedge Sandals
SW3 - Black,"36 - 0
37 - 1
38 - 1
39 - 1
40 - 1
41 - 0",SW,TAGS,SW,"Upper Material - Synthetic
Heel Type - Wedges
Heel Height - 1.5 
Colour - Black
Sole - TPR",3235,,black Solid Wedge Sandals
SW4 - Brown,"36 - 1
37 - 2
38 - 2
39 - 2
40 - 2
41 - 1",SW,TAGS,SW,"Upper Material - Synthetic
Heel Type - Wedges
Heel Height - 1.5 
Colour - Brown
Sole - TPR",3375,,Solid Plain brown Wedge
SW4 - Black,"36 - 1
37 - 2
38 - 2
39 - 2
40 - 2
41 - 0",SW,TAGS,SW,"Upper Material - Synthetic
Heel Type - Wedges
Heel Height - 1.5 
Colour - Black
Sole - TPR",3375,,Solid Plain black Wedge
SW6 - Beige ,"36 - 1
37 - 2
38 - 2
39 - 2
40 - 2
41 - 1",Beige ,TAGS,SW,"Upper Material - Synthetic
Heel Type - Pointed
Heel Height - 3  
Colour - Beige
Sole - TPR",2815,,
SW6-Green ,"36 - 1
37 - 2
38 - 2
39 - 2
40 - 2
41 - 1",Green ,TAGS,SW,"Upper Material - Synthetic
Heel Type - Pointed
Heel Height - 3  
Colour - Green
Sole - TPR",2815,,
SW6- Black ,"36 - 1
37 - 2
38 - 2
39 - 2
40 - 2
41 - 1",Black ,TAGS,SW,"Upper Material - Synthetic
Heel Type - Pointed
Heel Height - 3
Colour - Black
Sole - TPR",2815,,
SW6 - Peach,"36 - 1
37 - 2
38 - 2
39 - 2
40 - 2
41 - 1",Peach,TAGS,SW,"Upper Material - Synthetic
Heel Type - Pointed
Heel Height - 3 
Colour - Peach
Sole - TPR",2815,,
SW7- Grey,"36 - 1
37 - 2
38 - 2
39 - 2
40 - 2
41 - 1",Grey,TAGS,SW,"Upper Material - Synthetic
Heel Type - Flat
Heel Height - NA  
Colour - Grey
Sole - TPR",2815,,
SW7- Musturd,"36 - 1
37 - 2
38 - 2
39 - 2
40 - 2
41 - 1",Musturd,TAGS,SW,"Upper Material - Synthetic
Heel Type - Flat
Heel Height -  NA
Colour - Musturd
Sole - TPR",2815,,
SW7- Blue ,"36 - 1
37 - 2
38 - 2
39 - 2
40 - 2
41 - 1",Blue ,TAGS,SW,"Upper Material - Synthetic
Heel Type - Flat
Heel Height -  NA
Colour - Blue
Sole - TPR",2815,,
SW8 - Beige,"36 - 1
37 - 1
38 - 2
39 - 2
40 - 2
41 - 1",SW,TAGS,SW,"Upper Material - Synthetic
Heel Type - Flat
Heel Height - NA 
Colour - Beige
Sole - TPR",3345,,Women Beige Haze Toe Ring Flat Sandal
SW8 - Pista,"36 - 1
37 - 2
38 - 1
39 - 2
40 - 2
41 - 1",SW,TAGS,SW,"Upper Material - Synthetic
Heel Type - Flat
Heel Height - NA
Colour - Pista
Sole - TPR",3345,,Women pista Haze Toe Ring Flat Sandal
SW8 - Black,"36 - 1
37 - 2
38 - 2
39 - 0
40 - 2
41 - 1",SW,TAGS,SW,"Upper Material - Synthetic
Heel Type - Flat
Heel Height - NA 
Colour - Black
Sole - TPR",3345,,Women black Haze Toe Ring Flat Sandal
SW9 - Black,"36 - 1
37 - 2
38 - 1
39 - 2
40 - 1
41 - 1",SW,TAGS,SW,"Upper Material - Synthetic
Heel Type - Block
Heel Height - 1 
Colour - Black
Sole - TPR",2115,,Vintage Black block heel Sandals
SW9 - Blue,"36 - 0
37 - 2
38 - 2
39 - 2
40 - 2
41 - 1",SW,TAGS,SW,"Upper Material - Synthetic
Heel Type - Block
Heel Height - 1 
Colour - Blue
Sole - TPR",2115,,Vintage Blue block heel Sandals
SW9 - Peach,"36 - 1
37 - 2
38 - 2
39 - 1
40 - 2
41 - 1",SW,TAGS,SW,"Upper Material - Synthetic
Heel Type - Block
Heel Height - 1 
Colour - Peach
Sole - TPR",2115,,Vintage peach block heel Sandals
SW10-Black,"36 - 1
37 - 2
38 - 2
39 - 2
40 - 2
41 - 1",SW,TAGS,SW,"Upper Material - Synthetic
Heel Type - Wedges
Heel Height - 1.5
Colour - Black
Sole - TPR",3345,,
SW10-Pista ,"36 - 1
37 - 2
38 - 2
39 - 2
40 - 2
41 - 1",SW,TAGS,SW,"Upper Material - Synthetic
Heel Type - Wedges
Heel Height - 1.5
Colour - Pista
Sole - TPR",3345,,
SW10 - Beige ,"36 - 1
37 - 2
38 - 2
39 - 2
40 - 2
41 - 1",SW,TAGS,SW,"Upper Material - Synthetic
Heel Type - Wedges
Heel Height - 1.5
Colour - Beige
Sole - TPR",3345,,
SW11 - Green,"36 - 1
37 - 1
38 - 1
39 - 2
40 - 1
41 - 1",SW,TAGS,SW,"Upper Material - Synthetic
Heel Type - Wedges
Heel Height - 1.5 
Colour - Green
Sole - TPR",3235,,womens green Beky Thong Wedge Sandal
SW11 - Peach,"36 - 1
37 - 1
38 - 1
39 - 1
40 - 2
41 - 0",SW,TAGS,SW,"Upper Material - Synthetic
Heel Type - Wedges
Heel Height - 1.5 
Colour - Peach
Sole - TPR",3235,,womens peach Beky Thong Wedge Sandal
SW11 - Gray,"36 - 0
37 - 2
38 - 2
39 - 2
40 - 2
41 - 1",SW,TAGS,SW,"Upper Material - Synthetic
Heel Type - Wedges
Heel Height - 1.5 
Colour - Grey
Sole - TPR",3235,,womens gray Beky Thong Wedge Sandal
SW12 - M R H,"36 - 1
37 - 2
38 - 2
39 - 2
40 - 2
41 - 1",M R H,TAGS,SW,"Upper Material - Synthetic
Heel Type - Flat
Heel Height - NA 
Colour - M R H
Sole - TPR",3235,,Embellished T-strap flat sandal
SW12 - Tan,"36 - 1
37 - 2
38 - 2
39 - 2
40 - 2
41 - 1",SW,TAGS,SW,"Upper Material - Synthetic
Heel Type - Flat
Heel Height - NA 
Colour - Tan
Sole - TPR",3235,,Embellished tan colour T-strap flat sandal
SW12 - Peach,"36 - 1
37 - 2
38 - 2
39 - 2
40 - 2
41 - 0",SW,TAGS,SW,"Upper Material - Synthetic
Heel Type - Flat
Heel Height - NA 
Colour - Peach
Sole - TPR",3235,,Embellished peach colour  T-strap flat sandal
SW12 - Black,"36 - 1
37 - 2
38 - 2
39 - 1
40 - 1
41 - 1",SW,TAGS,SW,"Upper Material - Synthetic
Heel Type - Flat
Heel Height - NA 
Colour - Black
Sole - TPR",3235,,Embellished black colour T-strap flat sandal
SW12 - Beige,"36 - 1
37 - 2
38 - 2
39 - 1
40 - 2
41 - 1",SW,TAGS,SW,"Upper Material - Synthetic
Heel Type - Flat
Heel Height - NA 
Colour - Beige
Sole - TPR",3235,,Embellished beige colour T-strap flat sandal
SW13 - Tan,"36 - 1
37 - 2
38 - 2
39 - 1
40 - 1
41 - 1",SW,TAGS,SW,"Upper Material - Synthetic
Heel Type - Wedges
Heel Height - 1.5  
Colour - Tan
Sole - TPR",3345,,"Womens  Tan colour Embellished Slipon Wedge Heels 
"
SW13 - Peach,"36 - 1
37 - 2
38 - 2
39 - 1
40 - 2
41 - 1",SW,TAGS,SW,"Upper Material - Synthetic
Heel Type - Wedges
Heel Height - 1.5 
Colour - Peach
Sole - TPR",3345,,"Womens  peach colour Embellished Slipon Wedge Heels 
"
SW13 - Beige,"36 - 1
37 - 2
38 - 2
39 - 2
40 - 2
41 - 1",SW,TAGS,SW,"Upper Material - Synthetic
Heel Type - Wedges
Heel Height - 1.5  
Colour - Beige
Sole - TPR",3345,,"Womens  beige colour Embellished Slipon Wedge Heels 
"
SW14 -  Black,"36 - 1
37 - 2
38 - 1
39 - 2
40 - 2
41 - 1",SW,TAGS,SW,"Upper Material - Synthetic
Heel Type - Block
Heel Height - 1 
Colour - Black
Sole - TPR",2565,,Women's Synthetic Embellished Designer block heel Sandals
SW14 - Tan,"36 - 1
37 - 2
38 - 1
39 - 2
40 - 2
41 - 0",SW,TAGS,SW,"Upper Material - Synthetic
Heel Type - Block
Heel Height - 1 
Colour - Tan
Sole - TPR",2565,,Women's Synthetic Embellished Designer block heel Sandals
SW14 - M R H,"36 - 1
37 - 2
38 - 2
39 - 2
40 - 2
41 - 1",M R H,TAGS,SW,"Upper Material - Synthetic
Heel Type - Block
Heel Height - 1 
Colour - M R H
Sole - TPR",2565,,Women's Synthetic Embellished Designer block heel Sandals
SW15 - Beige,"36 - 1
37 - 2
38 - 2
39 - 0
40 - 2
41 - 1",SW,TAGS,SW,"Upper Material - Synthetic
Heel Type - Flat
Heel Height - NA 
Colour - Beige
Sole - TPR",2885,,Women beige Casual flat Sandal
SW15 - White,"36 - 1
37 - 2
38 - 2
39 - 2
40 - 2
41 - 1",SW,TAGS,SW,"Upper Material - Synthetic
Heel Type - Flat
Heel Height - NA 
Colour - White
Sole - TPR",2885,,Women white Casual flat Sandal
SW15 - Peach,"36 - 1
37 - 2
38 - 2
39 - 2
40 - 2
41 - 1",SW,TAGS,SW,"Upper Material - Synthetic
Heel Type - Flat
Heel Height - NA 
Colour - Peach
Sole - TPR",2885,,Women peach Casual flat Sandal
SW15 - Black,"36 - 1
37 - 2
38 - 2
39 - 2
40 - 2
41 - 1",SW,TAGS,SW,"Upper Material - Synthetic
Heel Type - Flat
Heel Height - NA 
Colour - Black
Sole - TPR",2885,,Women black Casual flat Sandal
SW15 - Green,"36 - 1
37 - 2
38 - 1
39 - 2
40 - 2
41 - 1",SW,TAGS,SW,"Upper Material - Synthetic
Heel Type - Flat
Heel Height - NA  
Colour - Green
Sole - TPR",2885,,Women green Casual flat Sandal
SW16 - Black,"36 - 1
37 - 1
38 - 2
39 - 2
40 - 2
41 - 1+42 - 2",SW,TAGS,SW,"Upper Material - Synthetic
Heel Type - Flat
Heel Height - NA  
Colour - Black
Sole - TPR",3235,,black thong flat sandal 
SW16 - Gun Metal,"36 - 1
37 - 1
38 - 2
39 - 2
40 - 2
41 - 2+42 - 1",Gun Metal,TAGS,SW,"Upper Material - Synthetic
Heel Type - Flat
Heel Height - NA 
Colour - Gun metal
Sole - TPR",3235,,gun metal thong flat sandal 
SW16 - Sultan,"36 - 1
37 - 1
38 - 2
39 - 1
40 - 1
41 - 2",SW,TAGS,SW,"Upper Material - Synthetic
Heel Type - Flat
Heel Height - NA 
Colour - Sultan
Sole - TPR",3235,,sultan thong flat sandal 
SW17 - Blue,"36 - 1
37 - 2
38 - 2
39 - 2
40 - 2
41 - 1",SW,TAGS,SW,"Upper Material - Synthetic
Heel Type - Wedges
Heel Height - 1.5
Colour - Blue
Sole - TPR",3235,,
SW17 - Black,"36 - 1
37 - 2
38 - 2
39 - 2
40 - 2
41 - 1",SW,TAGS,SW,"Upper Material - Synthetic
Heel Type - Wedges
Heel Height - 1.5
Colour - Black
Sole - TPR",3235,,
SW17 - Tan,"36 - 1
37 - 2
38 - 2
39 - 2
40 - 2
41 - 1",SW,TAGS,SW,"Upper Material - Synthetic
Heel Type - Wedges
Heel Height - 1.5
Colour - Tan
Sole - TPR",3235,,
SW18-Marron,"36 - 1
37 - 2
38 - 2
39 - 2
40 - 2
41 - 1",SW,TAGS,SW,"Upper Material - Synthetic
Heel Type - Wedges
Heel Height - 1.5
Colour - Marron
Sole - TPR",3345,,
SW18-Sultan,"36 - 1
37 - 2
38 - 2
39 - 2
40 - 2
41 - 1",SW,TAGS,SW,"Upper Material - Synthetic
Heel Type - Wedges
Heel Height - 1.5
Colour - Sultan
Sole - TPR",3345,,
SW18-Black ,"36 - 1
37 - 2
38 - 2
39 - 2
40 - 2
41 - 1",SW,TAGS,SW,"Upper Material - Synthetic
Heel Type - Wedges
Heel Height - 1.5
Colour - Black
Sole - TPR",3345,,
SW19- Green,"36 - 1
37 - 2
38 - 2
39 - 2
40 - 2
41 - 1",Green,TAGS,SW,"Upper Material - Synthetic
Heel Type - Flat
Heel Height - NA
Colour - Green
Sole - TPR",3235,,
SW19 - Yellow,"36 - 1
37 - 2
38 - 2
39 - 2
40 - 2
41 - 1",Yellow,TAGS,SW,"Upper Material - Synthetic
Heel Type - Flat
Heel Height - NA
Colour - Yellow
Sole - TPR",3235,,
SW19- Peach,"36 - 1
37 - 2
38 - 2
39 - 2
40 - 2
41 - 1",Peach,TAGS,SW,"Upper Material - Synthetic
Heel Type - Flat
Heel Height - NA
Colour - Peach
Sole - TPR",3235,,
SW20- Green,"36 - 1
37 - 2
38 - 2
39 - 2
40 - 2
41 - 1",Green,TAGS,SW,"Upper Material - Synthetic
Heel Type - Flat
Heel Height - NA
Colour - Green
Sole - TPR",3235,,
SW20- Yellow,"36 - 1
37 - 2
38 - 2
39 - 2
40 - 2
41 - 1",Yellow,TAGS,SW,"Upper Material - Synthetic
Heel Type - Flat
Heel Height - NA
Colour - Yellow
Sole - TPR",3235,,
SW20- Peach,"36 - 1
37 - 2
38 - 2
39 - 2
40 - 2
41 - 1",Peach,TAGS,SW,"Upper Material - Synthetic
Heel Type - Flat
Heel Height - NA
Colour - Peach
Sole - TPR",3235,,
SW22 - Black,"36 - 1
37 - 2
38 - 1
39 - 2
40 - 2
41 - 1",SW,TAGS,SW,"Upper Material - Synthetic
Heel Type - Block
Heel Height - 1  
Colour - Black
Sole - TPR",2675,,Womens Fancy 1 inch block heel 
SW22 - Gray,"36 - 1
37 - 2
38 - 1
39 - 2
40 - 2
41 - 1",SW,TAGS,SW,"Upper Material - Synthetic
Heel Type - Block
Heel Height - 1 
Colour - Grey
Sole - TPR",2675,,Womens Fancy 1 inch block heel
SW22 - Peach,"36 - 1
37 - 2
38 - 2
39 - 2
40 - 2
41 - 1",SW,TAGS,SW,"Upper Material - Synthetic
Heel Type - Block
Heel Height - 1 
Colour - Peach
Sole - TPR",2675,,Womens Fancy 1 inch block heel
SW21-Peach,"36 - 1
37 - 2
38 - 2
39 - 2
40 - 2
41 - 1",SW,TAGS,SW,"Upper Material - Synthetic
Heel Type - Block
Heel Height -  1
Colour - Peach
Sole - TPR",2505,,
SW21-Black,"36 - 1
37 - 2
38 - 2
39 - 2
40 - 2
41 - 1",SW,TAGS,SW,"Upper Material - Synthetic
Heel Type - Block
Heel Height - 1
Colour - Black
Sole - TPR",2505,,
SW21-Tan,"36 - 1
37 - 2
38 - 2
39 - 2
40 - 2
41 - 1",SW,TAGS,SW,"Upper Material - Synthetic
Heel Type - Block
Heel Height - 1
Colour - Tan
Sole - TPR",2505,,
SW23 - Gray,"36 - 1
37 - 2
38 - 2
39 - 2
40 - 2
41 - 1",SW,TAGS,SW,"Upper Material - Synthetic
Heel Type - Pointed
Heel Height - 2.5 
Colour - Grey
Sole - TPR",2535,,"Reptilian grey Print Block Heeled Sandals
"
SW23 - L Blue,"36 - 1
37 - 2
38 - 2
39 - 1
40 - 2
41 - 1",L Blue,TAGS,SW,"Upper Material - Synthetic
Heel Type - Pointed
Heel Height - 2.5 
Colour - L Blue
Sole - TPR",2535,,"Reptilian blue Print Block Heeled Sandals
"
SW23 - Peach,"36 - 1
37 - 2
38 - 2
39 - 2
40 - 2
41 - 1",SW,TAGS,SW,"Upper Material - Synthetic
Heel Type - Pointed
Heel Height - 2.5 
Colour - Peach
Sole - TPR",2535,,"Reptilian peach Print Block Heeled Sandals
"
SW24 - Gold,"36 - 0
37 - 2
38 - 2
39 - 2
40 - 1
41 - 1",SW,TAGS,SW,"Upper Material - Synthetic
Heel Type - Block
Heel Height - 2 
Colour - Gold
Sole - TPR",3295,,Tag footwear Women's Ecru Toe Ring Sandals
SW24 - Silver,"36 - 1
37 - 2
38 - 2
39 - 2
40 - 2
41 - 1",SW,TAGS,SW,"Upper Material - Synthetic
Heel Type - Block
Heel Height - 2 
Colour - Silver
Sole - TPR",3295,,Tag footwear Women's Ecru Toe Ring Sandals
SW24 - Peach,"36 - 1
37 - 2
38 - 2
39 - 2
40 - 2
41 - 1",SW,TAGS,SW,"Upper Material - Synthetic
Heel Type - Block
Heel Height - 2 
Colour - Peach
Sole - TPR",3295,,Tag footwear Women's Ecru Toe Ring Sandals
SW25 - Lavendor,"36 - 1
37 - 2
38 - 2
39 - 2
40 - 2
41 - 1",SW,TAGS,SW,"Upper Material - Synthetic
Heel Type - Block
Heel Height - 2.5 
Colour - Lavendor
Sole - TPR",3125,,
SW25 - Peach,"36 - 1
37 - 2
38 - 2
39 - 2
40 - 2
41 - 1",SW,TAGS,SW,"Upper Material - Synthetic
Heel Type - Block
Heel Height - 2.5 
Colour - Peach
Sole - TPR",3125,,
SW25 - Gray,"36 - 1
37 - 2
38 - 2
39 - 2
40 - 2
41 - 1",SW,TAGS,SW,"Upper Material - Synthetic
Heel Type - Block
Heel Height - 2.5 
Colour - Grey
Sole - TPR",3125,,
SW26 - Peach,"36 - 1
37 - 2
38 - 2
39 - 2
40 - 2
41 - 1",Peach,TAGS,SW,"Upper Material - Synthetic
Heel Type - Block
Heel Height - 1
Colour - Peach
Sole - TPR",3235,,
SW26 - Orange ,"36 - 1
37 - 2
38 - 2
39 - 2
40 - 2
41 - 1",Orange ,TAGS,SW,"Upper Material - Synthetic
Heel Type - Block
Heel Height - 1
Colour - Orange
Sole - TPR",3235,,
SW27 - D Blue,"36 - 1
37 - 2
38 - 2
39 - 2
40 - 2
41 - 1",D Blue,TAGS,SW,"Upper Material - Synthetic
Heel Type - Block
Heel Height - 2.5  
Colour - D Blue
Sole - TPR",3125,,
SW27 - Black,"36 - 1
37 - 2
38 - 2
39 - 2
40 - 2
41 - 1",SW,TAGS,SW,"Upper Material - Synthetic
Heel Type - Block
Heel Height - 2.5  
Colour - Black
Sole - TPR",3125,,
SW27 - M R H,"36 - 1
37 - 2
38 - 2
39 - 2
40 - 2
41 - 1",M R H,TAGS,SW,"Upper Material - Synthetic
Heel Type - Block
Heel Height - 1.5 
Colour - M R H
Sole - TPR",3125,,
SW29-Black ,"36 - 1
37 - 2
38 - 2
39 - 2
40 - 2
41 - 1",Black ,TAGS,SW,"Upper Material - Synthetic
Heel Type - Wedges
Heel Height - 1
Colour - Black
Sole - TPR",3015,,
SW29-Yellow,"36 - 1
37 - 2
38 - 2
39 - 2
40 - 2
41 - 1",Yellow,TAGS,SW,"Upper Material - Synthetic
Heel Type - Wedges
Heel Height - 1
Colour - Yellow
Sole - TPR",3015,,
SW29-Antique,"36 - 1
37 - 2
38 - 2
39 - 2
40 - 2
41 - 1",Antique,TAGS,SW,"Upper Material - Synthetic
Heel Type - Wedges
Heel Height - 1
Colour - Antique
Sole - TPR",3015,,
SW29-Peach ,"36 - 1
37 - 2
38 - 2
39 - 2
40 - 2
41 - 1",Peach,TAGS,SW,"Upper Material - Synthetic
Heel Type - Wedges
Heel Height - 1
Colour - Peach
Sole - TPR",3015,,
SW28 - Black,"36 - 1
37 - 2
38 - 2
39 - 2
40 - 2
41 - 1",SW,TAGS,SW,"Upper Material - Synthetic
Heel Type - Block
Heel Height - 2.5 
Colour - Black
Sole - TPR",3125,,
SW28 - Tan,"36 - 1
37 - 2
38 - 2
39 - 2
40 - 2
41 - 1",SW,TAGS,SW,"Upper Material - Synthetic
Heel Type - Block
Heel Height - 2.5 
Colour - Tan
Sole - TPR",3125,,
SW28 - M R H,"36 - 1
37 - 2
38 - 2
39 - 2
40 - 2
41 - 1",M R H,TAGS,SW,"Upper Material - Synthetic
Heel Type - Block
Heel Height - 2.5 
Colour - M R H
Sole - TPR",3125,,
SW30 - Peach,"36 - 0
37 - 2
38 - 2
39 - 2
40 - 2
41 - 1",SW,TAGS,SW,"Upper Material - Synthetic
Heel Type - Block
Heel Height - 1.5 
Colour - Peach
Sole - TPR",3095,,
SW30 - Tan,"36 - 1
37 - 0
38 - 2
39 - 1
40 - 1
41 - 1",SW,TAGS,SW,"Upper Material - Synthetic
Heel Type - Block
Heel Height - 1.5 
Colour - Tan
Sole - TPR",3095,,
SW30 - White,"36 - 1
37 - 2
38 - 2
39 - 2
40 - 2
41 - 1",SW,TAGS,SW,"Upper Material - Synthetic
Heel Type - Block
Heel Height - 1.5 
Colour - White
Sole - TPR",3095,,
354 - White,"36 - 1
37 - 2
38 - 2
39 - 2
40 - 2
41 - 1",White,TAGS,ST,"Upper Material - Synthetic 
Heel Type - Block
Heel Height - 2.5 
Colour - white
Sole - Metro ",2625,,
354 - Peach,"36 - 1
37 - 2
38 - 2
39 - 2
40 - 2
41 - 1",Peach,TAGS,ST,"Upper Material - Synthetic 
Heel Type - Block
Heel Height - 2.5 
Colour - white
Sole - Metro ",2625,,
354 - Black,"36 - 1
37 - 2
38 - 2
39 - 2
40 - 2
41 - 1",Black,TAGS,ST,"Upper Material - Synthetic 
Heel Type - Block
Heel Height - 2.5 
Colour - white
Sole - Metro ",2625,,
339-GM,"36 - 1
37 - 2
38 - 2
39 - 2
40 - 2
41 - 1",GM,TAGS,ST,"Upper Material - Synthetic 
Heel Type - Block
Heel Height -3  
Colour - GM
Sole - Metro",3395,,
339-Gold,"36 - 1
37 - 2
38 - 2
39 - 2
40 - 2
41 - 1",Gold,TAGS,ST,"Upper Material - Synthetic 
Heel Type - Block
Heel Height -3  
Colour - GM
Sole - Metro",3395,,
339-Sultan,"36 - 1
37 - 2
38 - 2
39 - 2
40 - 2
41 - 1",Sultan,TAGS,ST,"Upper Material - Synthetic 
Heel Type - Block
Heel Height -3  
Colour - GM
Sole - Metro",3395,,
335-Gold ,"36 - 1
37 - 2
38 - 2
39 - 2
40 - 2
41 - 1",Gold,TAGS,ST,"Upper Material - Synthetic 
Heel Type - Block
Heel Height -  2
Colour - Gold
Sole - Metro",2625,,
335-Black,"36 - 1
37 - 2
38 - 2
39 - 2
40 - 2
41 - 1",Black,TAGS,ST,"Upper Material - Synthetic 
Heel Type - Block
Heel Height -  2
Colour - Gold
Sole - Metro",2625,,
335-Antique,"36 - 1
37 - 2
38 - 2
39 - 2
40 - 2
41 - 1",Antique,TAGS,ST,"Upper Material - Synthetic 
Heel Type - Block
Heel Height -  2
Colour - Gold
Sole - Metro",2625,,
347 - Antique,"36 - 1
37 - 1
38 - 1
39 - 2
40 - 1
41 - 1",Antique,TAGS,ST,"Upper Material - Synthetic 
Heel Type - Pointed
Heel Height -2.5  
Colour - Antique
Sole - Metro",2845,,
347 - Black,"36 - 1
37 - 1
38 - 1
39 - 2
40 - 1
41 - 1",Black,TAGS,ST,"Upper Material - Synthetic 
Heel Type - Pointed
Heel Height -2.5  
Colour - Antique
Sole - Metro",2845,,
360 - Yellow,"36 - 1
37 - 2
38 - 2
39 - 2
40 - 2
41 - 1",Yellow,TAGS,ST,"Upper Material - Synthetic 
Heel Type - Block
Heel Height -3  
Colour - Green
Sole - Metro",2625,,Women Yellow Strappy Open-Toe Block Heels (360)
360 - Green,"36 - 1
37 - 0
38 - 1
39 - 2
40 - 1
41 - 0",Green,TAGS,ST,"Upper Material - Synthetic 
Heel Type - Block
Heel Height -3  
Colour - Green
Sole - Metro",2625,,Women Green Strappy Open-Toe Block Heels (360)
360 - Black,"36 - 1
37 - 2
38 - 1
39 - 2
40 - 2
41 - 1",Black,TAGS,ST,"Upper Material - Synthetic 
Heel Type - Block
Heel Height - 3  
Colour - Black
Sole - Metro",2625,,Women Black Strappy Open-Toe Block Heels (360)
360 - White,"36 - 1
37 - 2
38 - 1
39 - 2
40 - 2
41 - 1",White,TAGS,ST,"Upper Material - Synthetic 
Heel Type - Block
Heel Height -  3  
Colour - White
Sole - Metro",2625,,Women white Strappy Open-Toe Block Heels (360)
360 - Beige,"36 - 1
37 - 2
38 - 2
39 - 2
40 - 2
41 - 1",Beige,TAGS,ST,"Upper Material - Synthetic 
Heel Type - Block
Heel Height -  3  
Colour - White
Sole - Metro",2625,,Women Beige Strappy Open-Toe Block Heels (360)
340 - White,"36 - 1
37 - 2
38 - 2
39 - 2
40 - 2
41 - 1",White,TAGS,ST,"Upper Material - Synthetic 
Heel Type - Block
Heel Height -2  
Colour - White
Sole - Metro",2735,,
340 - Black,"36 - 1
37 - 2
38 - 2
39 - 2
40 - 2
41 - 1",Black,TAGS,ST,"Upper Material - Synthetic 
Heel Type - Block
Heel Height -2  
Colour - White
Sole - Metro",2735,,
340 - Beige,"36 - 1
37 - 2
38 - 2
39 - 2
40 - 2
41 - 1",Beige,TAGS,ST,"Upper Material - Synthetic 
Heel Type - Block
Heel Height -2  
Colour - White
Sole - Metro",2735,,
313 - Black,"36 - 1
37 - 1
38 - 3
39 - 2
40 - 2
41 - 1",Black,TAGS,ST,"Upper Material - Synthetic 
Heel Type - Block
Heel Height -2.5  
Colour - Black
Sole - Metro",2565,,
313 - Beige,"36 - 1
37 - 2
38 - 3
39 - 2
40 - 2
41 - 1",Beige,TAGS,ST,"Upper Material - Synthetic 
Heel Type - Block
Heel Height -2.5  
Colour - Black
Sole - Metro",2565,,
313 - Tan,"36 - 1
37 - 2
38 - 3
39 - 2
40 - 1
41 - 1",Tan,TAGS,ST,"Upper Material - Synthetic 
Heel Type - Block
Heel Height -2.5  
Colour - Black
Sole - Metro",2565,,
2560 - Black,"36 - 1
37 - 2
38 - 1
39 - 2
40 - 2
41 - 1",Black,TAGS,SH,"Upper Material - Synthetic 
Heel Type - Block 
Heel Height - 3  
Colour - Black
Sole - Metro",2675,,Black Criss-Cross Strap Symthetic  Heeled Sandals
2560 - Peach ,"36 - 1
37 - 2
38 - 2
39 - 2
40 - 2
41 - 1",Peach,TAGS,SH,"Upper Material - Synthetic 
Heel Type - Block
Heel Height - 3 
Colour - Peach
Sole - Metro",2675,,Peach Criss-Cross Strap Symthetic  Heeled Sandals
2560 - Cream,"36 - 1
37 - 2
38 - 1
39 - 2
40 - 2
41 - 1",Cream,TAGS,SH,"Upper Material - Synthetic 
Heel Type - Block
Heel Height - 3 
Colour - Cream
Sole - Metro",2675,,Cream Criss-Cross Strap Symthetic  Heeled Sandals
2369 - Cream,"36 - 1
37 - 2
38 - 2
39 - 2
40 - 1
41 - 0",Cream,TAGS,SH,"Upper Material - Synthetic 
Heel Type - Pointed
Heel Height - 3.5  
Colour - Cream
Sole - Metro",2675,,Women Cream Heels Sandal
2369 - Peach,"36 - 1
37 - 2
38 - 2
39 - 2
40 - 2
41 - 1",Peach,TAGS,SH,"Upper Material - Synthetic 
Heel Type - Pointed
Heel Height - 3.5  
Colour - Peach
Sole - Metro",2675,,Women Peach Heels Sandal
2369 - Black,"36 - 1
37 - 2
38 - 2
39 - 2
40 - 2
41 - 0",Black,TAGS,SH,"Upper Material - Synthetic 
Heel Type - Pointed
Heel Height - 3.5  
Colour - Black
Sole - Metro",2675,,Women Black Heels Sandal
2041 - Black,"36 - 1
37 - 2
38 - 2
39 - 2
40 - 3
41 - 0",Black,TAGS,SH,"Upper Material - Synthetic 
Heel Type - Block
Heel Height - 4  
Colour - Black
Sole - Metro",2675,,Women Black Stylish Buckle Strap Block Heels Sandals 
2041 - Cream,"36 - 1
37 - 1
38 - 2
39 - 2
40 - 2
41 - 1",Cream,TAGS,SH,"Upper Material - Synthetic 
Heel Type - Block
Heel Height - 4  
Colour - Cream
Sole - Metro",2675,,Women cream Stylish Buckle Strap Block Heels Sandals
2041 - Peach,"36 - 1
37 - 2
38 - 2
39 - 2
40 - 2
41 - 1",Peach,TAGS,SH,"Upper Material - Synthetic 
Heel Type - Block
Heel Height - 4 
Colour - Peach
Sole - Metro",2675,,Women Peach Stylish Buckle Strap Block Heels Sandals
S01 - Yellow,"36 - 1
37 - 2
38 - 2
39 - 2
40 - 2
41 - 1",Yellow,TAGS,SH,"Upper Material - Synthetic 
Heel Type - Pointed
Heel Height - 3  
Colour - Yellow
Sole - Metro",2675,,yellow 3 inch pointed Buckle Women's Heels
S01 - XX,"36 - 1
37 - 2
38 - 2
39 - 2
40 - 2
41 - 1",XX,TAGS,SH,"Upper Material - Synthetic 
Heel Type - Pointed
Heel Height - 3  
Colour - XX
Sole - Metro",2675,,brown 3 inch pointed Buckle Women's Heels
S01 - G A R,"36 - 1
37 - 2
38 - 2
39 - 2
40 - 2
41 - 1",G A R,TAGS,SH,"Upper Material - Synthetic 
Heel Type - Pointed
Heel Height - 3  
Colour - G A R
Sole - Metro",2675,,white 3 inch pointed Buckle Women's Heels
S02 - Black,"36 - 1
37 - 2
38 - 2
39 - 2
40 - 2
41 - 1",Black,TAGS,SH,"Upper Material - Synthetic 
Heel Type - Pointed
Heel Height - 3  
Colour - Black
Sole - Metro",2675,,Black 3 inch pointed Buckle Women's Heels
S02 - Cream,"36 - 1
37 - 2
38 - 2
39 - 2
40 - 2
41 - 1",Cream,TAGS,SH,"Upper Material - Synthetic 
Heel Type - Pointed
Heel Height - 3  
Colour - Cream
Sole - Metro",2675,,Cream 3 inch pointed Buckle Women's Heels
S02 - Peach,"36 - 1
37 - 2
38 - 2
39 - 2
40 - 2
41 - 1",Peach,TAGS,SH,"Upper Material - Synthetic 
Heel Type - Pointed
Heel Height - 3  
Colour - Peach
Sole - Metro",2675,,Peach 3 inch pointed Buckle Women's Heels
2347 - AXX,"36 - 1
37 - 2
38 - 2
39 - 2
40 - 2
41 - 1",AXX,TAGS,SH,"Upper Material - Synthetic 
Heel Type - Block
Heel Height - 3.5 
Colour - AXX
Sole - Metro",6265,,Golden Embellished Ethnic Party Block Heels
2347 - XX,"36 - 1
37 - 1
38 - 2
39 - 2
40 - 2
41 - 1",XX,TAGS,SH,"Upper Material - Synthetic 
Heel Type - Block
Heel Height - 3.5 
Colour - XX
Sole - Metro",6265,,Gold Embellished Ethnic Party Block Heels for bride
2557 - Sultan,"36 - 1
37 - 2
38 - 2
39 - 1
40 - 2
41 - 1",Sultan,TAGS,SH,"Upper Material - Synthetic 
Heel Type - Block
Heel Height - 3  
Colour - Sultan
Sole - Metro",5425,,Women Sultan Casual Sandes 
2557 - Red,"36 - 1
37 - 1
38 - 2
39 - 2
40 - 2
41 - 1",Red,TAGS,SH,"Upper Material - Synthetic 
Heel Type - Block
Heel Height - 3 
Colour - Red
Sole - Metro",5425,,Women Red Casual Sandes 
2537 - Sultan,"36 - 1
37 - 2
38 - 2
39 - 2
40 - 2
41 - 1",Sultan,TAGS,SH,"Upper Material - Synthetic 
Heel Type - Block
Heel Height - 3 
Colour - Sultan
Sole - Metro",5425,,Women Sultan Synthetic Block Heel Sandal 
2537 - XX,"36 - 1
37 - 2
38 - 2
39 - 2
40 - 2
41 - 1",XX,TAGS,SH,"Upper Material - Synthetic 
Heel Type - Block
Heel Height - 3  
Colour - XX
Sole - Metro",5425,,Women xx Synthetic Block Heel Sandal 
2248 - Sultan,"36 - 1
37 - 2
38 - 2
39 - 2
40 - 2
41 - 1",Sultan,TAGS,SH,"Upper Material - Synthetic 
Heel Type -Wedges
Heel Height - 3.5
Colour - Sultan
Sole - Metro",5985,,"Bridal Rose gold wedding wedges, Mules"
2248 - XX,"36 - 1
37 - 2
38 - 2
39 - 2
40 - 2
41 - 1",XX,TAGS,SH,"Upper Material - Synthetic 
Heel Type - Wedges
Heel Height - 3.5  
Colour - XX
Sole - Metro",5985,,Bridal Embalished Fancy Block Heel Sandal for Women
2480 - AXX,"36 - 1
37 - 2
38 - 2
39 - 2
40 - 2
41 - 1",AXX,TAGS,SH,"Upper Material - Synthetic 
Heel Type - Wedges
Heel Height - 3.5  
Colour - AXX
Sole - Metro",6265,,Women AXX Synthetic Wedges Heel Sandal 
2480 - XX,"36 - 1
37 - 2
38 - 2
39 - 2
40 - 2
41 - 1",XX,TAGS,SH,"Upper Material - Synthetic 
Heel Type - Wedges
Heel Height - 3.5  
Colour - XX
Sole - Metro",6265,,Women XX Synthetic Wedges Heel Sandal 
2593 - Sultan,"36 - 1
37 - 2
38 - 2
39 - 2
40 - 2
41 - 1",Sultsn,TAGS,SH,"Upper Material - Synthetic 
Heel Type - Block
Heel Height - 2
Colour - Sultan
Sole - Metro",6265,,Women Sultan Block Heels Synthetic Sandal
2593 - XX,"36 - 1
37 - 2
38 - 2
39 - 2
40 - 2
41 - 1",XX,TAGS,SH,"Upper Material - Synthetic 
Heel Type - Block
Heel Height - 2  
Colour - XX
Sole - Metro",6265,,Women XX Block Heels Synthetic Sandal
2584 - Sultan,"36 - 1
37 - 2
38 - 1
39 - 2
40 - 2
41 - 1",Sultan,TAGS,SH,"Upper Material - Synthetic 
Heel Type - Wedges
Heel Height - 4  
Colour - Sultan
Sole - Metro",5985,,Women Sultan  Party Sandals
2584 - S S,"36 - 1
37 - 1
38 - 2
39 - 2
40 - 2
41 - 1",S S,TAGS,SH,"Upper Material - Synthetic 
Heel Type - Wedges
Heel Height - 4  
Colour - S S
Sole - Metro",5985,,Women SS Party Sandals
2643 - Red,"36 - 1
37 - 1
38 - 3
39 - 3
40 - 2
41 - 1",Red,TAGS,SH,"Upper Material - Synthetic 
Heel Type - Block
Heel Height - 3 
Colour - Red
Sole - Metro",4865,,Women Red Synthetic Block Heels Sandal
2643 - XX,"36 - 1
37 - 2
38 - 3
39 - 3
40 - 2
41 - 1",XX,TAGS,SH,"Upper Material - Synthetic 
Heel Type - Block
Heel Height - 3  
Colour - XX
Sole - Metro",4865,,Women xx Synthetic Block Heels Sandal
SB01- Green,"36 - 1
37 - 2
38 - 2
39 - 2
40 - 2
41 - 1",Green,TAGS,YF,"Upper Material - synthetic 
Heel Type - Flat
Heel Height - NA  
Colour - Green
Sole - TPR",1835,,
SB01 - Peach,"36 - 1
37 - 2
38 - 2
39 - 2
40 - 2
41 - 1",Peach,TAGS,YF,"Upper Material - synthetic 
Heel Type - Flat
Heel Height - NA  
Colour - Peach
Sole - TPR",1835,,
SB01 - Black,"36 - 1
37 - 1
38 - 2
39 - 2
40 - 2
41 - 1",Black,TAGS,YF,"Upper Material - synthetic 
Heel Type - Flat
Heel Height - NA  
Colour - Black
Sole - TPR",1835,,
SB01 - Grey,"36 - 1
37 - 2
38 - 2
39 - 2
40 - 2
41 - 1",Grey,TAGS,YF,"Upper Material - synthetic 
Heel Type - Flat
Heel Height - NA  
Colour - Grey
Sole - TPR",1835,,
SB02 - Grey,"36 - 1
37 - 2
38 - 2
39 - 2
40 - 2
41 - 1",Grey,TAGS,YF,"Upper Material - synthetic 
Heel Type - Flat
Heel Height - NA  
Colour - Grey
Sole - TPR",1785,,
SB02 - Black,"36 - 1
37 - 2
38 - 2
39 - 2
40 - 2
41 - 1",Black,TAGS,YF,"Upper Material - synthetic 
Heel Type - Flat
Heel Height - NA  
Colour - Black
Sole - TPR",1785,,
SB02 - Cream,"36 - 1
37 - 2
38 - 1
39 - 1
40 - 2
41 - 1",Cream,TAGS,YF,"Upper Material - synthetic 
Heel Type - Flat
Heel Height - NA  
Colour - Cream
Sole - TPR",1785,,
SB02 - Yellow,"36 - 1
37 - 2
38 - 2
39 - 2
40 - 2
41 - 1",Yellow,TAGS,YF,"Upper Material - synthetic 
Heel Type - Flat
Heel Height - NA  
Colour - Yellow
Sole - TPR",1785,,
SB03 - Black ,"36 - 1
37 - 2
38 - 2
39 - 2
40 - 2
41 - 1",Black,TAGS,YF,"Upper Material - synthetic 
Heel Type - Flat
Heel Height - NA  
Colour - Black
Sole - TPR",1725,,
SB03 - Grey,"36 - 1
37 - 2
38 - 2
39 - 2
40 - 2
41 - 1",Grey,TAGS,YF,"Upper Material - synthetic 
Heel Type - Flat
Heel Height - NA  
Colour - Grey
Sole - TPR",1725,,
SB03 - Silver,"36 - 1
37 - 2
38 - 2
39 - 2
40 - 2
41 - 1",Silver,TAGS,YF,"Upper Material - synthetic 
Heel Type - Flat
Heel Height - NA  
Colour - Silver
Sole - TPR",1725,,
SB03 - Chikoo,"36 - 1
37 - 2
38 - 2
39 - 2
40 - 2
41 - 1",Chikoo,TAGS,YF,"Upper Material - synthetic 
Heel Type - Flat
Heel Height - NA  
Colour - Chikoo
Sole - TPR",1725,,
SB04 - Grey,"36 - 1
37 - 2
38 - 2
39 - 2
40 - 2
41 - 1",Grey,TAGS,YF,"Upper Material - synthetic 
Heel Type - Flat
Heel Height - NA  
Colour - Grey
Sole - TPR",1835,,
SB04 - Black,"36 - 1
37 - 2
38 - 2
39 - 2
40 - 2
41 - 1",Black,TAGS,YF,"Upper Material - synthetic 
Heel Type - Flat
Heel Height - NA  
Colour - Black
Sole - TPR",1835,,
SB04 - Sultan,"36 - 1
37 - 2
38 - 2
39 - 2
40 - 2
41 - 1",Sultan,TAGS,YF,"Upper Material - synthetic 
Heel Type - Flat
Heel Height - NA  
Colour - Sultan
Sole - TPR",1835,,
SB04 - Antique,"36 - 1
37 - 2
38 - 2
39 - 2
40 - 2
41 - 1",Antique,TAGS,YF,"Upper Material - synthetic 
Heel Type - Flat
Heel Height - NA  
Colour - Antique
Sole - TPR",1835,,
SB05 - Peach,"36 - 1
37 - 2
38 - 2
39 - 2
40 - 2
41 - 1",Peach,TAGS,YF,"Upper Material - synthetic 
Heel Type - Flat
Heel Height - NA  
Colour - Peach
Sole - TPR",1835,,
SB05 - Chikoo,"36 - 1
37 - 2
38 - 2
39 - 2
40 - 2
41 - 1",Chikoo,TAGS,YF,"Upper Material - synthetic 
Heel Type - Flat
Heel Height - NA  
Colour - Chikoo
Sole - TPR",1835,,
SB05 - Black,"36 - 1
37 - 2
38 - 2
39 - 2
40 - 2
41 - 1",Black,TAGS,YF,"Upper Material - synthetic 
Heel Type - Flat
Heel Height - NA  
Colour - Black
Sole - TPR",1835,,
SB05 - Green,"36 - 1
37 - 2
38 - 2
39 - 2
40 - 2
41 - 1",Green,TAGS,YF,"Upper Material - synthetic 
Heel Type - Flat
Heel Height - NA  
Colour - Green
Sole - TPR",1835,,
SB06 - Black,"36 - 0
37 - 2
38 - 2
39 - 2
40 - 2
41 - 1",Black,TAGS,YF,"Upper Material - synthetic 
Heel Type - Flat
Heel Height - NA  
Colour - Black
Sole - TPR",1725,,
SB06 - Cream,"36 - 1
37 - 2
38 - 1
39 - 2
40 - 2
41 - 1",Cream,TAGS,YF,"Upper Material - synthetic 
Heel Type - Flat
Heel Height - NA  
Colour - Cream
Sole - TPR",1725,,
SB06 - Purple,"36 - 1
37 - 2
38 - 2
39 - 2
40 - 2
41 - 1",Purple,TAGS,YF,"Upper Material - synthetic 
Heel Type - Flat
Heel Height - NA  
Colour - Purple
Sole - TPR",1725,,
SB06 - Peach ,"36 - 1
37 - 2
38 - 2
39 - 2
40 - 2
41 - 1",Peach,TAGS,YF,"Upper Material - synthetic 
Heel Type - Flat
Heel Height - NA  
Colour - Peach
Sole - TPR",1725,,
SB07 - Peach,"36 - 1
37 - 2
38 - 2
39 - 1
40 - 2
41 - 1",Peach,TAGS,YF,"Upper Material - synthetic 
Heel Type - Flat
Heel Height - NA  
Colour - Peach
Sole - TPR",1785,,
SB07 - Cream,"36 - 1
37 - 2
38 - 1
39 - 2
40 - 2
41 - 1",Cream,TAGS,YF,"Upper Material - synthetic 
Heel Type - Flat
Heel Height - NA  
Colour - Cream
Sole - TPR",1785,,
SB07 - Black,"36 - 1
37 - 2
38 - 2
39 - 2
40 - 2
41 - 1",Black,TAGS,YF,"Upper Material - synthetic 
Heel Type - Flat
Heel Height - NA  
Colour - Black
Sole - TPR",1785,,
SB07 - White,"36 - 1
37 - 2
38 - 1
39 - 2
40 - 2
41 - 1",White,TAGS,YF,"Upper Material - synthetic 
Heel Type - Flat
Heel Height - NA  
Colour - White
Sole - TPR",1785,,
SB08 - Black,"36 - 1
37 - 2
38 - 2
39 - 2
40 - 2
41 - 1",Black,TAGS,YF,"Upper Material - synthetic 
Heel Type - Flat
Heel Height - NA  
Colour - Black
Sole - TPR",1835,,
SB08 - Peach ,"36 - 1
37 - 2
38 - 2
39 - 2
40 - 2
41 - 1",Peach,TAGS,YF,"Upper Material - synthetic 
Heel Type - Flat
Heel Height - NA  
Colour - Peach
Sole - TPR",1835,,
SB08 - Purple ,"36 - 1
37 - 2
38 - 1
39 - 2
40 - 2
41 - 1",Purple,TAGS,YF,"Upper Material - synthetic 
Heel Type - Flat
Heel Height - NA  
Colour - Purple
Sole - TPR",1835,,
SB08 - Cream,"36 - 1
37 - 2
38 - 2
39 - 2
40 - 2
41 - 1",Cream,TAGS,YF,"Upper Material - synthetic 
Heel Type - Flat
Heel Height - NA  
Colour - Cream
Sole - TPR",1835,,
SB09 - Cream,"36 - 1
37 - 2
38 - 2
39 - 2
40 - 2
41 - 1",Cream,TAGS,YF,"Upper Material - synthetic 
Heel Type - Flat
Heel Height - NA  
Colour - Cream
Sole - TPR",1725,,
SB09 - Peach,"36 - 1
37 - 2
38 - 2
39 - 2
40 - 2
41 - 1",Peach,TAGS,YF,"Upper Material - synthetic 
Heel Type - Flat
Heel Height - NA  
Colour - Peach
Sole - TPR",1725,,
SB09 - Black,"36 - 1
37 - 2
38 - 2
39 - 2
40 - 2
41 - 1",Black,TAGS,YF,"Upper Material - synthetic 
Heel Type - Flat
Heel Height - NA  
Colour - Black
Sole - TPR",1725,,
SB09 - White,"36 - 1
37 - 2
38 - 2
39 - 2
40 - 2
41 - 1",White,TAGS,YF,"Upper Material - synthetic 
Heel Type - Flat
Heel Height - NA  
Colour - White
Sole - TPR",1725,,
SB10 - Cream,"36 - 1
37 - 2
38 - 2
39 - 2
40 - 2
41 - 1",Cream,TAGS,YF,"Upper Material - synthetic 
Heel Type - Flat
Heel Height - NA  
Colour - Cream
Sole - TPR",1665,,
SB10 - Black,"36 - 1
37 - 2
38 - 2
39 - 2
40 - 2
41 - 1",Black,TAGS,YF,"Upper Material - synthetic 
Heel Type - Flat
Heel Height - NA  
Colour - Black
Sole - TPR",1665,,
SB10 - Blue,"36 - 1
37 - 2
38 - 2
39 - 2
40 - 2
41 - 1",Blue,TAGS,YF,"Upper Material - synthetic 
Heel Type - Flat
Heel Height - NA  
Colour - Blue
Sole - TPR",1665,,
SB10 - Peach,"36 - 1
37 - 2
38 - 2
39 - 2
40 - 2
41 - 1",Peach,TAGS,YF,"Upper Material - synthetic 
Heel Type - Flat
Heel Height - NA  
Colour - Peach
Sole - TPR",1665,,
SB11 - Cream,"36 - 1
37 - 2
38 - 2
39 - 2
40 - 2
41 - 1",Cream,TAGS,YF,"Upper Material - synthetic 
Heel Type - Flat
Heel Height - NA  
Colour - Cream
Sole - TPR",1785,,
SB11 - Black,"36 - 1
37 - 2
38 - 2
39 - 2
40 - 2
41 - 1",Black,TAGS,YF,"Upper Material - synthetic 
Heel Type - Flat
Heel Height - NA  
Colour - Black
Sole - TPR",1785,,
SB11 - Green,"36 - 1
37 - 2
38 - 2
39 - 2
40 - 2
41 - 1",Green,TAGS,YF,"Upper Material - synthetic 
Heel Type - Flat
Heel Height - NA  
Colour - Green
Sole - TPR",1785,,
SB11 - Peach,"36 - 1
37 - 2
38 - 2
39 - 2
40 - 2
41 - 1",Peach,TAGS,YF,"Upper Material - synthetic 
Heel Type - Flat
Heel Height - NA  
Colour - Peach
Sole - TPR",1785,,
SB12 - White,"36 - 1
37 - 2
38 - 2
39 - 2
40 - 2
41 - 1",White,TAGS,YF,"Upper Material - synthetic 
Heel Type - Flat
Heel Height - NA  
Colour - White
Sole - TPR",1835,,
SB12 - Peach,"36 - 1
37 - 2
38 - 2
39 - 2
40 - 2
41 - 1",Peach,TAGS,YF,"Upper Material - synthetic 
Heel Type - Flat
Heel Height - NA  
Colour - Peach
Sole - TPR",1835,,
SB12 - Tan,"36 - 1
37 - 2
38 - 2
39 - 2
40 - 2
41 - 1",Tan,TAGS,YF,"Upper Material - synthetic 
Heel Type - Flat
Heel Height - NA  
Colour - Tan
Sole - TPR",1835,,
SB12 - Black,"36 - 1
37 - 2
38 - 2
39 - 2
40 - 2
41 - 1",Black,TAGS,YF,"Upper Material - synthetic 
Heel Type - Flat
Heel Height - NA  
Colour - Black
Sole - TPR",1835,,
SB13 - Tan,"36 - 1
37 - 2
38 - 2
39 - 2
40 - 2
41 - 1",Tan,TAGS,YF,"Upper Material - synthetic 
Heel Type - Flat
Heel Height - NA  
Colour - Tan
Sole - TPR",1785,,
SB13 - Grey,"36 - 1
37 - 2
38 - 2
39 - 2
40 - 2
41 - 1",Grey,TAGS,YF,"Upper Material - synthetic 
Heel Type - Flat
Heel Height - NA  
Colour - Grey
Sole - TPR",1785,,
SB13 - Black,"36 - 1
37 - 2
38 - 2
39 - 2
40 - 2
41 - 1",Black,TAGS,YF,"Upper Material - synthetic 
Heel Type - Flat
Heel Height - NA  
Colour - Black
Sole - TPR",1785,,
SB13 - Peach,"36 - 1
37 - 2
38 - 1
39 - 2
40 - 2
41 - 1",Peach,TAGS,YF,"Upper Material - synthetic 
Heel Type - Flat
Heel Height - NA  
Colour - Peach
Sole - TPR",1785,,
SB14 - Cream ,"36 - 1
37 - 2
38 - 2
39 - 2
40 - 2
41 - 1",Cream,TAGS,YF,"Upper Material - synthetic 
Heel Type - Flat
Heel Height - NA  
Colour - Cream
Sole - TPR",1785,,
SB14 - Tan,"36 - 1
37 - 0
38 - 1
39 - 2
40 - 2
41 - 1",Tan,TAGS,YF,"Upper Material - synthetic 
Heel Type - Flat
Heel Height - NA  
Colour - Tan
Sole - TPR",1785,,
SB14 - Green,"36 - 0
37 - 2
38 - 1
39 - 2
40 - 2
41 - 1",Green,TAGS,YF,"Upper Material - synthetic 
Heel Type - Flat
Heel Height - NA  
Colour - Green
Sole - TPR",175,,
SB15 - Tan,"36 - 1
37 - 1
38 - 2
39 - 2
40 - 1
41 - 1",Tan,TAGS,YF,"Upper Material - synthetic 
Heel Type - Flat
Heel Height - NA  
Colour - Tan
Sole - TPR",1725,,
SB15 - Black,"36 - 0
37 - 2
38 - 2
39 - 2
40 - 2
41 - 1",Black,TAGS,YF,"Upper Material - synthetic 
Heel Type - Flat
Heel Height - NA  
Colour - Black
Sole - TPR",1725,,
SB15 - Peach,"36 - 1
37 - 2
38 - 2
39 - 2
40 - 2
41 - 1",Peach,TAGS,YF,"Upper Material - synthetic 
Heel Type - Flat
Heel Height - NA  
Colour - Peach
Sole - TPR",1725,,
359 - Black,"36 - 1
37 - 2
38 - 2
39 - 2
40 - 2
41 - 1",Black,TAGS,ST,"Upper Material - Synthetic 
Heel Type - Block
Heel Height - 3  
Colour - Black
Sole - Metro",2625,,Women Black Block heel sandle 
359 - Beige,"36 - 1
37 - 2
38 - 2
39 - 2
40 - 2
41 - 1",Beige,TAGS,ST,"Upper Material - Synthetic 
Heel Type - Block
Heel Height - 3  
Colour - Beige
Sole - Metro",2625,,Women Beige heel sandle 
344 - Gray,"36 - 1
37 - 1
38 - 2
39 - 2
40 - 1
41 - 1",Gray,TAGS,ST,"Upper Material - Synthetic 
Heel Type - Block
Heel Height - 2.5  
Colour - Gray
Sole - Metro",3125,,Ladies grey fancy block  heel chappal
344 - Peach,"36 - 1
37 - 1
38 - 2
39 - 2
40 - 1
41 - 1",Peach,TAGS,ST,"Upper Material - Synthetic 
Heel Type - Block
Heel Height - 2.5  
Colour - Peach
Sole - Metro",3125,,Ladies peach fancy block  heel chappal
344 - white,"36 - 1
37 - 1
38 - 2
39 - 2
40 - 1
41 - 1",white,TAGS,ST,"Upper Material - Synthetic 
Heel Type - Block
Heel Height - 2.5  
Colour - White
Sole - Metro",3125,,Ladies white fancy block  heel chappal
310 - Black,"36 - 1
37 - 2
38 - 2
39 - 2
40 - 2
41 - 1",Black,TAGS,ST,"Upper Material - Synthetic 
Heel Type - Block
Heel Height - 3  
Colour - Black
Sole - Metro",2735,,"Classic black vintage statement Block Heel Sandals ,"
310 - Begie,"36 - 1
37 - 0
38 - 2
39 - 1
40 - 2
41 - 1",Beige,TAGS,ST,"Upper Material - Synthetic 
Heel Type - Block
Heel Height - 3  
Colour - Beige
Sole - Metro",2735,,"Classic beige vintage statement Block Heel Sandals ,"
310 - Yellow,"36 - 1
37 - 2
38 - 2
39 - 2
40 - 2
41 - 1",Yellow,TAGS,ST,"Upper Material - Synthetic 
Heel Type - Block
Heel Height - 3  
Colour - Yellow
Sole - Metro",2735,,"Classic yellow vintage statement Block Heel Sandals ,"
346 - ANT,"36 - 1
37 - 2
38 - 0
39 - 2
40 - 2
41 - 1",ANT,TAGS,ST,"Upper Material - Synthetic 
Heel Type - Block
Heel Height - 3  
Colour - ANT
Sole - Metro",3125,,Women Synthetic 3 inch Block Heel Sandal
346 - Silver,"36 - 1
37 - 2
38 - 1
39 - 2
40 - 2
41 - 1",Silver,TAGS,ST,"Upper Material - Synthetic 
Heel Type - Block
Heel Height - 3  
Colour - Silver
Sole - Metro",3125,,Women silver Synthetic 3 inch Block Heel Sandal
346 - Sultan,"36 - 1
37 - 2
38 - 1
39 - 2
40 - 2
41 - 1",Sultan,TAGS,ST,"Upper Material - Synthetic 
Heel Type - Block
Heel Height - 3  
Colour - Sultan
Sole - Metro",3125,,Women brown Synthetic 3 inch Block Heel Sandal
309 - White,"36 - 1
37 - 2
38 - 1
39 - 2
40 - 2
41 - 0",White,TAGS,ST,"Upper Material - Synthetic 
Heel Type - Block
Heel Height - 2  
Colour - White
Sole - Metro",2115,,Women's White Western 2 Inch Block Heel Fashion Sandal
309 - Black,"36 - 1
37 - 2
38 - 2
39 - 2
40 - 2
41 - 1",Black,TAGS,ST,"Upper Material - Synthetic 
Heel Type - Block
Heel Height - 2  
Colour - Black
Sole - Metro",2115,,Women's Black Western 2 Inch Block Heel Fashion Sandal
309 - Peach,"36 - 1
37 - 1
38 - 2
39 - 2
40 - 2
41 - 0",Peach,TAGS,ST,"Upper Material - Synthetic 
Heel Type - Block
Heel Height - 2  
Colour - Peach
Sole - Metro",2115,,Women's Peach Western 2 Inch Block Heel Fashion Sandal
358 - Sultan,"36 - 1
37 - 2
38 - 2
39 - 2
40 - 2
41 - 0",Sultan,TAGS,ST,"Upper Material - Synthetic 
Heel Type - Block
Heel Height - 2  
Colour - Sultan
Sole - Metro",2795,,Women Sultan Wedges Block heel sandle 
358 - Gold,"36 - 1
37 - 2
38 - 1
39 - 2
40 - 2
41 - 1",Gold,TAGS,ST,"Upper Material - Synthetic 
Heel Type - Block
Heel Height - 2  
Colour - Gold
Sole - Metro",2795,,Women Gold Wedges Block heel sandle 
358 - Silver,"36 - 1
37 - 2
38 - 2
39 - 2
40 - 2
41 - 1",Silver,TAGS,ST,"Upper Material - Synthetic 
Heel Type - Block
Heel Height - 2  
Colour - Silver
Sole - Metro",2795,,Women Silver Wedges Block heel sandle  
326 - Peach,"36 - 1
37 - 1
38 - 1
39 - 2
40 - 2
41 - 1",Peach,TAGS,ST,"Upper Material - Synthetic 
Heel Type - Wedges
Heel Height - 2.5  
Colour - Peach
Sole - Metro",3685,,peach stylish fancy comfortable heel wedges for girls women
326 - GM,"36 - 0
37 - 1
38 - 1
39 - 2
40 - 2
41 - 1",GM,TAGS,ST,"Upper Material - Synthetic 
Heel Type - Block
Heel Height - 2.5  
Colour - GM
Sole - Metro",3685,,grey stylish fancy comfortable heel wedges for girls women
326 - ANT,"36 - 1
37 - 2
38 - 1
39 - 2
40 - 2
41 - 1",ANT,TAGS,ST,"Upper Material - Synthetic 
Heel Type - Block
Heel Height - 2.5  
Colour - ANT
Sole - Metro",3685,,brown stylish fancy comfortable heel wedges for girls women
356 - Peach,"36 - 1
37 - 1
38 - 1
39 - 2
40 - 2
41 - 0",Peach,TAGS,ST,"Upper Material - Synthetic 
Heel Type - Block
Heel Height - 2.5  
Colour - Peach
Sole - Metro",2625,,Peach Elegant Block Heel Sandals for Women    (356)   
356 - Chique,"36 - 1
37 - 2
38 - 1
39 - 2
40 - 2
41 - 1",Chique,TAGS,ST,"Upper Material - Synthetic 
Heel Type - Block
Heel Height -  2.5
Colour - Chique
Sole - Metro",2625,,Chique Elegant Block Heel Sandals for Women  (356)
356 - Beige,"36 - 1
37 - 2
38 - 1
39 - 2
40 - 2
41 - 1",Beige,TAGS,ST,"Upper Material - Synthetic 
Heel Type - Block
Heel Height -  2.5
Colour - Beige
Sole - Metro",2625,,Beige Elegant Block Heel Sandals for Women  (356)
356 - Yellow,"36 - 1
37 - 0
38 - 1
39 - 2
40 - 0
41 - 1",Yellow,TAGS,ST,"Upper Material - Synthetic 
Heel Type - Block
Heel Height - 2.5  
Colour - Yellow
Sole - Metro",2625,,Yellow Elegant Block Heel Sandals for Women  (356)
356 - Black,"36 - 1
37 - 2
38 - 1
39 - 2
40 - 2
41 - 1",Black,TAGS,ST,"Upper Material - Synthetic 
Heel Type - Block
Heel Height - 2.5  
Colour - Black
Sole - Metro",2625,,Black Elegant Block Heel Sandals for Women  (356)
357 - Beige,"36 - 1
37 - 2
38 - 1
39 - 2
40 - 2
41 - 1",Beige,TAGS,ST,"Upper Material - Synthetic 
Heel Type - Block
Heel Height - 3  
Colour - Beige
Sole - Metro",2625,,Women Beige Block Heels Sandal
357 - Black,"36 - 1
37 - 1
38 - 1
39 - 1
40 - 2
41 - 0",Black,TAGS,ST,"Upper Material - Synthetic 
Heel Type - Block
Heel Height - 3  
Colour - Black
Sole - Metro",2625,,Women Black Block Heels Sandal
357 - White,"36 - 1
37 - 2
38 - 1
39 - 2
40 - 2
41 - 1",White,TAGS,ST,"Upper Material - Synthetic 
Heel Type - Block
Heel Height - 3  
Colour - White
Sole - Metro",2625,,Women White Block Heels Sandal
355 - Silver,"36 - 1
37 - 2
38 - 2
39 - 2
40 - 2
41 - 1",Silver,TAGS,ST,"Upper Material - Synthetic 
Heel Type - Block
Heel Height - 2.5  
Colour - Silver
Sole - Metro",2675,,Women Silver strape block heel 
305 - GM,"36 - 1
37 - 2
38 - 1
39 - 2
40 - 2
41 - 1",GM,TAGS,ST,"Upper Material - Synthetic 
Heel Type - Block
Heel Height - 3  
Colour - GM
Sole - Metro",2675,,Women Silver Transparent Embellished Block Mules 
305 - Sultan,"36 - 1
37 - 2
38 - 1
39 - 2
40 - 2
41 - 1",Sultan,TAGS,ST,"Upper Material - Synthetic 
Heel Type - Block
Heel Height - 3  
Colour - Sultan
Sole - Metro",2675,,Women sultanTransparent Embellished Block Mules (305)
305 - Gold,"36 - 1
37 - 2
38 - 1
39 - 2
40 - 2
41 - 1",Gold,TAGS,ST,"Upper Material - Synthetic 
Heel Type - Block
Heel Height - 3  
Colour - Gold
Sole - Metro",2675,,Women golden Transparent Embellished Block Mules (305)
304 - Black,"36 - 1
37 - 2
38 - 1
39 - 2
40 - 2
41 - 1",Black,TAGS,ST,"Upper Material - Synthetic 
Heel Type - Block
Heel Height - 3  
Colour - Black
Sole - Metro",2625,,Women black Strappy Open-Toe Block Heels (304)
304 - Gold,"36 - 1
37 - 2
38 - 1
39 - 2
40 - 2
41 - 1",Gold,TAGS,ST,"Upper Material - Synthetic 
Heel Type - Block
Heel Height - 3  
Colour - Gold
Sole - Metro",2625,,Women gold Strappy Open-Toe Block Heels (304)
304 - White,"36 - 1
37 - 2
38 - 1
39 - 2
40 - 2
41 - 1",White,TAGS,ST,"Upper Material - Synthetic
Heel Type - Block
Heel Height - 3  
Colour - White
Sole - Metro",2625,,Women White Strappy Open-Toe Block Heels (304)
311 - Sultan,"36 - 1
37 - 2
38 - 1
39 - 2
40 - 2
41 - 1",Sultan,TAGS,ST,"Upper Material - Synthetic 
Heel Type - Block
Heel Height - 3  
Colour - Sultan
Sole - Metro",3185,,Women Sultan Selfiee Block Heel Sandals 
311 - Silver,"36 - 1
37 - 2
38 - 1
39 - 2
40 - 2
41 - 1",Silver,TAGS,ST,"Upper Material - Synthetic 
Heel Type - Block
Heel Height - 3  
Colour - Silver
Sole - Metro",3185,,Women Silver Selfiee Block Heel Sandals 
311 - Gold,"36 - 1
37 - 2
38 - 2
39 - 1
40 - 2
41 - 1",Gold,TAGS,ST,"Upper Material - Synthetic 
Heel Type - Block
Heel Height - 3  
Colour - Gold
Sole - Metro",3185,,Women Gold Selfiee Block Heel Sandals 
348 - ANT,"36 - 1
37 - 2
38 - 1
39 - 2
40 - 2
41 - 1",ANT,TAGS,ST,"Upper Material - Synthetic 
Heel Type - Block
Heel Height - 3
Colour - ANT
Sole - Metro",2785,,Women Ant Criss Cross Strappy block  Heels
348 - Silver,"36 - 1
37 - 2
38 - 1
39 - 2
40 - 2
41 - 1",Silver,TAGS,ST,"Upper Material - Synthetic 
Heel Type - Block
Heel Height - 3  
Colour - Silver
Sole - Metro",2785,,Women Silver Criss Cross Strappy block  Heels
348 - GM,"36 - 1
37 - 2
38 - 1
39 - 2
40 - 2
41 - 1",GM,TAGS,ST,"Upper Material - Synthetic 
Heel Type - Block
Heel Height - 3
Colour - GM
Sole - Metro",2785,,Women GM Criss Cross Strappy block  Heels
348 - Sultan,"36 - 1
37 - 2
38 - 1
39 - 2
40 - 2
41 - 1",Sultan,TAGS,ST,"Upper Material - Synthetic 
Heel Type - Block
Heel Height - 3  
Colour - Sultan
Sole - Metro",2785,,Women Sultan Criss Cross Strappy block  Heels
348 - Gold,"36 - 1
37 - 2
38 - 1
39 - 2
40 - 2
41 - 1",Gold,TAGS,ST,"Upper Material - Synthetic 
Heel Type - Block
Heel Height - 3  
Colour - Gold
Sole - Metro",2785,,Women Gold Criss Cross Strappy block  Heels
337-Blue,"36 - 1
37 - 1
38 - 2
39 - 2
40 - 2
41 - 1
42 - 1",Blue,TAGS,ST,"Upper Material - Synthetic 
Heel Type - Wedges
Heel Height - 1.5  
Colour - Blue
Sole - Metro",2785,,Women Blue Sparkling strip flate sandals 
337-Black,"36 - 1
37 - 1
38 - 2
39 - 2
40 - 2
41 - 1
42 - 1",Black,TAGS,ST,"Upper Material - Synthetic 
Heel Type - Wedges
Heel Height - 1.5  
Colour - Black
Sole - Metro",2785,,Women Black Sparkling strip flate sandals 
337-Marron,"36 - 1
37 - 1
38 - 2
39 - 2
40 - 2
41 - 1
42 - 1",Marron,TAGS,ST,"Upper Material - Synthetic 
Heel Type - Wedges
Heel Height - 1.5  
Colour - Marron
Sole - Metro",2785,,Women Marron Sparkling strip flate sandals 